일자,역명,구분,00시~01시,01시~02시,02시~03시,03시~04시,04시~05시,05시~06시,06시~07시,07시~08시,08시~09시,09시~10시,10시~11시,11시~12시,12시~13시,13시~14시,14시~15시,15시~16시,16시~17시,17시~18시,18시~19시,19시~20시,20시~21시,21시~22시,22시~23시,23시~24시
2026-05-01,발곡,승차,41,2,1,5,4,36,39,588,896,180,162,169,185,181,169,183,191,36,477,363,38,37,43,38
2026-05-01,발곡,하차,36,2,0,4,3,36,38,307,484,175,168,164,185,189,197,192,193,39,970,661,37,38,41,41
2026-05-01,회룡,승차,145,5,5,3,5,145,132,2195,3503,574,670,668,617,575,682,638,657,131,1574,1319,143,130,129,146
2026-05-01,회룡,하차,141,3,3,1,0,147,150,977,1467,652,642,615,642,625,598,636,685,145,3165,2336,147,147,135,134
2026-05-01,범골,승차,37,5,2,1,0,42,38,668,970,167,189,181,190,181,162,173,162,43,484,373,38,36,43,43
2026-05-01,범골,하차,36,0,4,1,4,37,40,306,491,195,189,186,187,176,186,175,194,39,930,565,36,40,40,36
2026-05-01,경전철의정부,승차,41,0,2,1,3,37,37,706,963,179,190,191,168,165,177,177,178,41,465,383,36,39,38,42
2026-05-01,경전철의정부,하차,37,3,1,1,0,39,42,303,409,197,192,196,195,192,167,179,169,39,893,604,43,38,42,39
2026-05-01,의정부시청,승차,59,4,3,2,0,60,60,1023,1298,274,270,289,251,294,247,253,275,62,639,485,64,56,61,61
2026-05-01,의정부시청,하차,59,4,2,5,2,58,62,431,650,283,246,267,296,296,246,254,257,65,1581,1000,58,55,64,62
2026-05-01,흥선,승차,40,5,5,2,0,43,37,600,875,181,171,183,187,169,184,171,179,43,481,321,39,38,36,42
2026-05-01,흥선,하차,41,5,5,0,5,43,40,320,457,167,166,173,194,190,192,194,169,37,902,654,43,39,40,37
2026-05-01,의정부중앙,승차,43,1,0,2,3,42,42,690,905,190,165,193,192,170,191,178,172,42,425,316,37,38,42,43
2026-05-01,의정부중앙,하차,38,3,4,0,2,37,43,285,414,177,188,173,183,180,175,182,171,41,882,672,40,41,41,41
2026-05-01,동오,승차,38,5,4,0,2,40,41,627,987,181,168,185,175,188,168,182,176,42,432,329,42,40,38,39
2026-05-01,동오,하차,41,5,0,5,2,36,43,284,432,191,167,163,197,184,189,178,193,40,1022,605,39,37,41,43
2026-05-01,새말,승차,42,3,5,0,0,39,42,671,1042,183,196,194,184,187,180,191,181,43,471,348,38,37,41,42
2026-05-01,새말,하차,40,2,5,2,4,36,37,292,418,169,176,173,178,164,191,176,189,43,885,667,40,39,43,38
2026-05-01,경기도청북부청사,승차,58,3,5,4,3,56,59,883,1378,279,264,251,268,249,276,244,264,60,611,539,55,59,54,58
2026-05-01,경기도청북부청사,하차,56,3,3,0,5,60,65,436,695,285,278,283,294,253,244,251,249,62,1488,877,62,63,56,61
2026-05-01,효자,승차,20,1,0,2,3,19,20,297,493,92,82,94,96,91,83,98,95,19,221,170,20,19,21,21
2026-05-01,효자,하차,18,5,3,3,4,21,19,159,226,89,88,94,85,96,95,82,96,18,486,316,19,18,21,18
2026-05-01,곤제,승차,18,2,4,2,4,21,18,339,473,94,93,92,89,95,82,84,93,19,228,174,20,19,20,19
2026-05-01,곤제,하차,20,2,5,0,5,18,18,149,235,98,90,86,82,84,85,84,81,20,467,339,20,20,18,21
2026-05-01,어룡,승차,39,4,3,1,2,43,39,691,931,164,184,163,167,182,172,197,166,42,459,370,37,40,39,39
2026-05-01,어룡,하차,42,2,0,5,1,41,38,274,426,181,167,176,186,178,163,172,172,42,895,586,38,42,40,42
2026-05-01,송산,승차,37,1,2,0,2,40,42,704,938,178,172,176,171,181,177,183,194,41,459,316,37,41,42,40
2026-05-01,송산,하차,36,2,1,5,2,37,40,308,449,165,174,173,186,192,173,186,172,43,1041,626,39,38,38,43
2026-05-01,탑석,승차,58,0,4,0,2,61,59,963,1297,257,250,258,290,269,244,277,286,62,649,473,58,56,64,55
2026-05-01,탑석,하차,65,1,5,5,3,65,56,454,659,292,270,290,289,257,285,265,293,60,1564,889,57,61,65,59
2026-05-02,발곡,승차,27,2,4,2,5,28,29,32,196,192,198,378,341,384,370,360,325,382,185,218,193,27,32,27
2026-05-02,발곡,하차,32,1,5,0,2,29,31,30,214,214,214,341,337,365,368,376,317,319,205,216,219,31,29,27
2026-05-02,회룡,승차,107,3,2,0,0,100,102,97,704,709,740,1144,1121,1315,1254,1161,1326,1137,694,665,665,94,111,113
2026-05-02,회룡,하차,108,3,4,3,3,112,98,102,697,663,710,1243,1345,1174,1342,1263,1169,1241,726,734,636,107,104,113
2026-05-02,범골,승차,28,4,1,4,5,31,31,27,183,205,181,370,317,340,324,378,337,344,188,211,215,29,30,28
2026-05-02,범골,하차,27,3,2,2,3,32,27,32,214,208,219,382,371,340,370,315,352,346,206,206,203,31,32,27
2026-05-02,경전철의정부,승차,28,4,4,0,3,32,28,29,185,217,192,349,321,377,324,346,361,367,217,196,209,27,29,27
2026-05-02,경전철의정부,하차,29,2,2,3,2,27,31,30,219,194,195,328,323,374,346,361,359,356,180,211,189,27,30,27
2026-05-02,의정부시청,승차,47,1,1,1,4,40,48,41,277,285,280,541,475,474,555,497,506,490,273,314,301,47,44,47
2026-05-02,의정부시청,하차,45,4,4,5,3,46,40,49,320,295,276,547,519,566,506,488,485,538,305,312,292,45,43,45
2026-05-02,흥선,승차,29,0,5,4,1,29,32,29,213,195,209,336,336,332,381,363,348,321,183,197,209,29,27,27
2026-05-02,흥선,하차,32,5,2,3,5,27,28,28,184,200,186,348,374,339,353,323,334,330,197,202,210,30,31,30
2026-05-02,의정부중앙,승차,30,5,1,2,2,27,32,30,196,185,205,317,367,330,344,338,340,365,211,202,183,27,27,30
2026-05-02,의정부중앙,하차,31,5,4,2,4,27,29,28,207,199,206,318,342,356,315,336,329,324,190,193,180,31,28,29
2026-05-02,동오,승차,31,5,0,5,0,29,27,28,197,196,205,335,343,382,327,381,347,363,194,197,184,29,29,27
2026-05-02,동오,하차,32,1,1,5,4,28,31,29,218,205,185,322,332,327,325,368,320,381,205,198,202,30,31,32
2026-05-02,새말,승차,30,2,5,3,3,30,31,30,194,182,198,317,340,335,360,383,321,356,195,203,218,31,27,32
2026-05-02,새말,하차,30,4,1,3,2,32,27,30,181,208,219,351,357,340,379,342,369,362,182,205,193,28,30,29
2026-05-02,경기도청북부청사,승차,42,4,2,5,2,43,46,46,277,312,275,531,540,506,485,546,571,577,324,275,310,45,40,43
2026-05-02,경기도청북부청사,하차,49,3,1,2,0,45,45,47,301,309,322,537,535,488,491,545,538,567,313,272,291,46,49,45
2026-05-02,효자,승차,15,1,2,3,1,14,16,16,99,95,97,175,191,186,185,162,166,179,107,101,92,16,16,14
2026-05-02,효자,하차,15,4,3,1,2,16,14,14,97,97,91,165,168,160,182,169,162,158,108,99,106,15,14,15
2026-05-02,곤제,승차,16,1,4,4,0,15,14,13,94,102,102,159,186,174,176,179,177,182,95,90,97,15,14,15
2026-05-02,곤제,하차,15,4,4,3,0,15,16,14,90,105,96,183,179,184,183,169,159,176,106,93,105,14,15,15
2026-05-02,어룡,승차,31,3,1,1,2,32,30,32,201,190,210,328,339,369,375,338,323,340,215,209,215,29,32,29
2026-05-02,어룡,하차,29,4,0,0,1,30,28,27,206,192,204,344,363,339,317,375,339,384,190,219,217,27,30,29
2026-05-02,송산,승차,31,0,4,3,0,28,30,29,217,181,186,346,340,346,320,324,340,337,191,218,181,28,30,32
2026-05-02,송산,하차,27,5,4,3,1,32,29,32,197,183,207,374,337,339,319,352,377,374,208,217,205,31,30,27
2026-05-02,탑석,승차,42,3,4,3,4,41,48,41,293,313,298,515,515,532,485,505,480,521,301,277,319,45,45,47
2026-05-02,탑석,하차,41,0,4,1,5,42,49,45,287,274,281,572,501,538,537,482,539,534,304,280,307,48,43,48
2026-05-03,발곡,승차,27,0,5,2,4,29,30,29,205,191,218,348,371,362,335,320,319,345,199,188,204,28,31,31
2026-05-03,발곡,하차,32,1,4,2,0,28,28,27,191,195,204,332,375,326,337,355,336,368,199,200,199,28,27,32
2026-05-03,회룡,승차,105,1,0,3,5,108,100,94,645,648,667,1192,1201,1113,1115,1240,1191,1173,684,693,706,111,107,107
2026-05-03,회룡,하차,97,2,2,2,1,107,102,95,635,729,742,1229,1138,1321,1136,1330,1180,1198,716,747,713,105,105,104
2026-05-03,범골,승차,30,0,5,3,5,32,30,30,190,206,218,355,330,318,348,351,365,369,195,212,189,30,31,28
2026-05-03,범골,하차,29,3,3,4,5,31,31,30,202,219,199,341,381,347,352,353,362,375,207,212,190,29,32,28
2026-05-03,경전철의정부,승차,28,2,5,5,3,29,32,31,190,184,207,341,383,372,381,371,335,335,208,193,197,28,29,28
2026-05-03,경전철의정부,하차,30,5,0,4,0,31,30,30,182,196,208,322,368,315,353,380,343,380,215,199,187,32,28,30
2026-05-03,의정부시청,승차,48,4,5,0,1,44,48,48,272,320,317,492,551,564,502,476,503,535,325,290,297,46,45,48
2026-05-03,의정부시청,하차,41,2,0,5,2,46,40,43,287,310,281,536,539,515,517,506,514,482,328,298,326,40,43,44
2026-05-03,흥선,승차,28,4,0,2,0,31,29,27,207,216,215,368,363,359,380,340,330,382,199,198,219,29,31,32
2026-05-03,흥선,하차,31,1,5,0,4,31,27,30,182,201,200,355,325,337,351,323,329,355,183,200,212,29,30,29
2026-05-03,의정부중앙,승차,27,2,3,0,4,27,29,31,201,182,215,384,348,335,327,324,359,366,218,194,215,29,32,29
2026-05-03,의정부중앙,하차,27,4,2,4,1,31,28,27,180,191,206,353,352,372,332,339,334,380,209,184,212,29,31,32
2026-05-03,동오,승차,27,0,3,5,1,31,29,28,188,214,182,350,335,372,366,337,356,362,192,192,185,30,28,28
2026-05-03,동오,하차,27,5,5,4,2,32,31,31,192,196,185,341,367,348,374,336,364,371,216,202,218,30,27,28
2026-05-03,새말,승차,28,3,0,1,3,31,30,32,187,210,208,354,348,375,338,381,316,380,218,184,219,29,28,30
2026-05-03,새말,하차,28,4,2,4,2,28,30,29,183,219,198,373,379,340,343,354,330,325,190,217,203,29,27,28
2026-05-03,경기도청북부청사,승차,43,3,5,3,5,47,44,47,291,278,302,491,565,576,573,527,560,480,319,272,270,41,46,41
2026-05-03,경기도청북부청사,하차,41,3,4,4,5,44,40,45,270,301,286,575,474,557,543,557,568,483,275,278,281,45,47,42
2026-05-03,효자,승차,14,3,1,1,0,15,16,15,91,97,101,159,157,163,174,172,184,177,107,91,100,13,14,16
2026-05-03,효자,하차,16,0,5,4,0,14,16,13,94,92,106,186,190,167,177,177,187,181,100,97,104,15,15,13
2026-05-03,곤제,승차,15,0,0,4,3,16,14,15,105,99,94,176,170,164,178,170,184,167,94,91,95,14,15,13
2026-05-03,곤제,하차,14,0,2,2,0,14,14,15,98,90,97,160,178,168,170,167,171,160,108,108,109,15,14,14
2026-05-03,어룡,승차,27,3,1,3,0,29,32,31,199,204,198,324,315,342,373,341,375,345,197,212,206,30,28,30
2026-05-03,어룡,하차,31,1,2,5,4,31,28,28,211,194,217,328,384,327,368,316,365,381,188,211,213,27,32,31
2026-05-03,송산,승차,31,2,5,3,0,29,30,30,201,216,214,344,317,382,364,371,356,379,184,189,206,27,30,30
2026-05-03,송산,하차,30,2,3,0,4,31,30,31,188,194,198,362,363,325,384,348,335,379,183,213,209,29,29,31
2026-05-03,탑석,승차,45,0,5,0,5,41,48,46,310,279,329,498,490,489,531,573,496,515,281,308,295,40,46,42
2026-05-03,탑석,하차,45,5,2,0,4,42,43,44,285,321,301,539,535,536,534,509,561,537,318,312,287,46,41,41
2026-05-04,발곡,승차,36,1,1,3,4,39,37,667,986,185,197,181,179,167,173,178,163,38,405,324,42,43,40,39
2026-05-04,발곡,하차,41,3,0,1,2,37,38,316,455,189,179,180,182,171,181,197,181,42,1030,612,37,39,41,41
2026-05-04,회룡,승차,132,0,2,0,0,147,132,2416,3383,611,656,646,587,584,593,593,574,135,1506,1234,135,145,134,133
2026-05-04,회룡,하차,150,5,1,3,2,150,129,1126,1496,656,671,662,652,628,639,600,619,138,3521,2334,128,140,133,152
2026-05-04,범골,승차,38,2,5,3,5,38,36,654,896,177,169,171,191,174,182,182,179,38,466,318,36,42,39,36
2026-05-04,범골,하차,42,0,3,5,5,38,42,322,413,174,164,185,185,163,184,188,189,39,899,569,37,36,40,40
2026-05-04,경전철의정부,승차,39,2,3,3,3,36,42,598,924,172,175,191,193,185,186,164,182,40,419,339,37,41,43,40
2026-05-04,경전철의정부,하차,39,0,0,3,3,38,37,286,412,181,183,183,190,186,192,185,172,40,981,650,38,36,43,43
2026-05-04,의정부시청,승차,59,3,0,0,2,55,64,988,1386,279,284,294,284,243,246,257,245,54,714,525,61,60,58,62
2026-05-04,의정부시청,하차,54,4,0,4,1,60,58,462,720,279,246,280,282,288,246,247,266,59,1501,894,62,62,55,62
2026-05-04,흥선,승차,41,2,5,2,2,41,36,701,918,177,180,171,197,184,179,180,163,42,420,326,42,43,41,36
2026-05-04,흥선,하차,41,0,3,1,0,40,43,314,442,173,176,187,171,164,175,180,194,37,1039,679,43,36,39,38
2026-05-04,의정부중앙,승차,42,4,2,4,5,40,39,661,948,189,169,194,189,170,162,176,170,38,480,376,43,36,41,42
2026-05-04,의정부중앙,하차,41,4,3,0,1,41,36,325,485,180,187,175,197,165,165,166,191,36,993,611,43,37,38,38
2026-05-04,동오,승차,42,5,3,0,1,42,40,605,886,178,176,181,196,169,173,171,166,37,466,372,41,36,42,38
2026-05-04,동오,하차,36,2,0,2,1,36,39,297,472,170,178,190,167,162,191,197,166,42,954,636,41,40,38,42
2026-05-04,새말,승차,36,5,1,2,3,36,43,641,992,179,175,177,174,194,171,178,167,40,460,360,39,43,39,36
2026-05-04,새말,하차,39,5,4,4,3,42,38,302,448,194,180,175,168,173,169,194,190,36,1076,623,42,43,43,36
2026-05-04,경기도청북부청사,승차,61,5,1,3,1,56,61,1034,1481,292,244,280,294,273,273,253,296,64,673,504,59,55,56,56
2026-05-04,경기도청북부청사,하차,60,4,1,1,2,54,55,468,626,248,271,262,246,281,278,274,261,57,1609,973,59,61,59,57
2026-05-04,효자,승차,20,4,1,1,5,20,18,339,517,98,88,98,98,81,91,97,98,18,227,190,18,20,18,21
2026-05-04,효자,하차,18,0,5,2,2,18,20,145,237,93,81,88,88,83,88,96,87,19,522,327,20,21,18,19
2026-05-04,곤제,승차,21,0,0,1,1,20,20,350,436,91,92,89,81,97,83,97,83,18,211,164,20,20,20,19
2026-05-04,곤제,하차,19,0,4,1,0,19,19,154,229,84,81,84,86,82,96,86,88,19,505,284,20,18,21,19
2026-05-04,어룡,승차,39,3,2,1,5,36,41,690,933,189,170,164,175,180,196,186,195,40,426,335,39,42,36,40
2026-05-04,어룡,하차,40,4,3,1,1,37,39,329,444,197,184,192,171,194,194,164,175,39,945,592,39,42,42,40
2026-05-04,송산,승차,40,3,4,0,4,42,42,697,1022,193,171,185,182,179,168,176,184,41,441,342,43,41,36,39
2026-05-04,송산,하차,38,2,2,3,5,36,42,278,492,177,191,171,177,185,168,169,191,41,1030,665,42,40,37,38
2026-05-04,탑석,승차,60,4,0,1,1,54,54,947,1339,262,268,264,292,279,256,269,267,65,671,530,58,64,57,63
2026-05-04,탑석,하차,55,0,4,1,5,56,56,463,676,289,295,279,268,250,252,286,255,61,1600,969,62,57,64,64
2026-05-05,발곡,승차,38,2,4,0,5,42,41,39,264,248,269,453,440,434,439,434,469,496,267,243,260,36,35,41
2026-05-05,발곡,하차,41,2,5,3,2,42,38,40,264,285,276,440,474,471,467,452,495,442,249,242,268,39,37,38
2026-05-05,회룡,승차,143,4,1,2,1,132,143,131,962,879,866,1526,1704,1583,1709,1619,1734,1455,980,910,976,133,130,124
2026-05-05,회룡,하차,146,1,4,3,5,127,125,131,998,876,829,1577,1499,1679,1616,1483,1683,1681,842,897,897,134,135,122
2026-05-05,범골,승차,39,0,4,5,5,37,40,37,240,253,264,424,484,436,435,475,463,440,280,285,251,42,37,36
2026-05-05,범골,하차,42,3,1,1,0,39,36,37,267,235,279,432,458,413,500,469,468,411,269,255,253,39,38,36
2026-05-05,경전철의정부,승차,40,2,0,2,5,36,41,35,271,240,239,419,427,427,433,457,427,473,249,236,259,36,42,37
2026-05-05,경전철의정부,하차,35,0,5,0,0,40,35,37,246,285,249,451,418,425,413,435,482,437,272,238,273,35,41,40
2026-05-05,의정부시청,승차,54,3,2,0,2,54,57,63,372,381,417,723,702,723,629,709,622,742,363,383,397,62,60,54
2026-05-05,의정부시청,하차,57,0,5,1,3,53,57,53,371,375,405,706,719,692,691,747,705,660,391,405,358,60,55,56
2026-05-05,흥선,승차,40,4,4,5,4,41,41,41,237,259,246,497,414,429,468,446,430,451,275,257,278,38,36,38
2026-05-05,흥선,하차,40,3,4,0,4,40,42,39,268,257,251,484,483,486,439,479,464,474,252,257,239,40,35,37
2026-05-05,의정부중앙,승차,40,4,5,1,5,40,38,37,244,240,278,429,484,426,440,478,413,467,268,240,280,38,39,39
2026-05-05,의정부중앙,하차,42,5,3,3,1,40,36,41,239,268,265,438,489,447,464,472,432,445,251,249,275,36,39,42
2026-05-05,동오,승차,39,4,5,4,1,36,40,40,281,240,270,498,425,458,467,474,478,460,264,283,270,40,42,39
2026-05-05,동오,하차,41,0,0,0,1,37,41,42,269,241,237,480,428,458,442,450,465,470,263,245,267,38,39,41
2026-05-05,새말,승차,40,0,3,5,4,35,40,36,279,278,257,430,467,474,442,463,476,427,271,244,257,42,35,42
2026-05-05,새말,하차,40,0,4,1,2,35,38,42,236,282,265,479,466,486,436,481,459,416,270,261,283,39,41,36
2026-05-05,경기도청북부청사,승차,59,2,1,2,1,63,59,58,394,409,401,629,661,647,701,739,647,619,420,380,413,53,55,61
2026-05-05,경기도청북부청사,하차,52,2,4,0,5,54,58,63,364,425,392,615,623,705,719,732,672,628,392,405,427,61,60,63
2026-05-05,효자,승차,20,3,0,0,2,19,19,18,123,127,133,224,205,235,229,233,232,239,132,135,118,21,17,20
2026-05-05,효자,하차,18,3,5,1,1,20,20,20,124,133,124,245,248,244,234,248,205,244,120,118,131,19,19,17
2026-05-05,곤제,승차,18,5,3,4,1,18,20,18,121,137,139,243,247,249,225,229,217,207,119,135,129,18,18,20
2026-05-05,곤제,하차,17,1,3,5,4,18,19,20,141,121,125,240,237,233,217,221,235,219,129,128,137,19,17,20
2026-05-05,어룡,승차,35,1,1,5,0,42,41,40,276,264,273,428,412,433,490,458,469,423,254,280,264,41,36,39
2026-05-05,어룡,하차,35,0,4,4,1,36,42,40,284,272,259,442,429,453,415,443,413,428,281,252,258,38,35,42
2026-05-05,송산,승차,37,4,2,2,4,36,40,37,267,277,260,443,492,456,441,488,453,453,265,260,241,36,35,40
2026-05-05,송산,하차,36,2,0,3,5,35,40,38,264,267,255,431,421,463,421,456,490,422,242,281,260,38,42,40
2026-05-05,탑석,승차,62,2,1,3,1,55,57,54,396,410,399,683,637,707,740,695,623,665,361,352,391,63,60,62
2026-05-05,탑석,하차,59,4,4,0,5,54,59,62,420,411,401,685,664,620,686,645,723,722,380,396,408,61,60,53
2026-05-06,발곡,승차,37,1,0,4,1,36,41,585,954,180,175,169,190,176,165,177,183,38,453,354,40,43,39,37
2026-05-06,발곡,하차,40,1,4,2,5,39,37,321,415,170,190,196,165,180,190,190,184,41,892,606,41,42,42,39
2026-05-06,회룡,승차,142,2,0,5,3,143,140,2371,3389,686,670,647,622,592,649,668,603,126,1606,1228,132,130,127,132
2026-05-06,회룡,하차,126,2,2,3,4,126,145,1138,1590,658,637,640,610,669,595,688,624,137,3090,2028,140,141,140,135
2026-05-06,범골,승차,36,2,4,3,4,39,37,629,1002,186,194,193,179,171,175,190,169,41,477,343,38,40,41,38
2026-05-06,범골,하차,38,5,0,1,2,37,40,280,472,195,168,188,170,170,171,170,192,42,951,654,36,36,43,39
2026-05-06,경전철의정부,승차,36,0,2,3,4,42,39,712,1029,172,169,182,163,190,179,181,180,39,466,327,43,41,39,41
2026-05-06,경전철의정부,하차,36,4,2,2,2,37,39,306,437,179,169,187,175,192,172,168,166,40,926,570,38,37,39,39
2026-05-06,의정부시청,승차,55,1,0,3,5,60,62,1030,1368,273,273,264,280,246,286,268,277,59,652,510,60,65,57,54
2026-05-06,의정부시청,하차,55,4,4,4,2,58,62,448,706,291,263,258,277,250,252,286,261,61,1491,994,54,55,56,57
2026-05-06,흥선,승차,38,5,3,2,4,43,39,608,859,188,185,195,187,164,168,165,164,43,454,316,39,42,36,38
2026-05-06,흥선,하차,37,3,1,3,1,40,37,272,437,194,193,178,193,195,181,166,196,40,997,614,41,43,39,41
2026-05-06,의정부중앙,승차,40,3,0,2,1,38,36,690,1016,174,178,162,195,196,179,162,177,38,425,315,38,39,40,39
2026-05-06,의정부중앙,하차,37,3,1,3,4,42,43,318,466,172,188,191,176,192,168,172,184,40,935,635,37,36,36,40
2026-05-06,동오,승차,37,2,3,1,0,39,38,625,1006,197,178,190,173,192,196,164,189,36,447,328,42,42,42,36
2026-05-06,동오,하차,42,3,0,5,4,41,37,293,491,195,167,188,188,181,166,179,172,38,892,640,43,37,39,36
2026-05-06,새말,승차,42,3,0,4,3,41,37,685,902,179,186,174,196,189,164,174,167,40,414,349,38,40,41,38
2026-05-06,새말,하차,43,0,2,2,3,41,40,302,449,182,181,173,178,193,183,192,167,40,970,659,40,39,42,40
2026-05-06,경기도청북부청사,승차,62,4,4,5,4,63,56,1010,1500,251,258,265,260,248,278,245,293,56,611,483,56,54,61,58
2026-05-06,경기도청북부청사,하차,59,4,2,5,1,61,65,479,670,277,262,283,291,287,285,246,276,60,1538,992,54,56,60,55
2026-05-06,효자,승차,18,1,1,1,4,19,18,334,461,89,92,96,84,84,88,87,83,21,222,169,19,21,19,19
2026-05-06,효자,하차,21,5,1,1,4,21,19,163,222,88,94,98,91,90,98,86,86,18,524,280,21,20,19,20
2026-05-06,곤제,승차,20,1,3,1,4,18,19,312,481,91,84,82,86,89,89,97,93,21,206,179,18,21,19,21
2026-05-06,곤제,하차,21,3,0,1,4,21,20,153,204,90,86,91,86,93,83,93,98,21,514,314,18,19,21,18
2026-05-06,어룡,승차,38,5,3,3,5,37,37,657,947,185,169,184,188,170,164,189,173,43,413,362,39,38,38,40
2026-05-06,어룡,하차,36,2,3,3,1,37,38,315,481,166,163,196,195,193,191,162,186,36,970,560,37,40,37,40
2026-05-06,송산,승차,38,5,5,0,5,40,38,592,893,187,171,178,196,164,185,185,194,38,414,335,43,39,43,40
2026-05-06,송산,하차,41,3,4,1,3,40,41,272,488,172,179,188,162,186,174,172,197,43,936,565,38,39,43,43
2026-05-06,탑석,승차,65,1,3,0,4,65,61,999,1347,255,251,295,292,260,272,254,250,60,715,563,57,62,60,55
2026-05-06,탑석,하차,65,1,4,2,4,65,55,433,726,282,284,290,265,265,266,293,291,65,1403,981,55,56,63,61
2026-05-07,발곡,승차,38,1,1,2,3,37,42,645,978,168,175,179,167,170,176,196,195,43,425,361,37,37,37,43
2026-05-07,발곡,하차,39,5,3,3,0,40,42,313,440,195,182,181,185,187,163,165,178,43,1054,588,40,43,36,39
2026-05-07,회룡,승차,147,1,3,2,3,134,151,2361,3593,625,648,578,630,589,640,679,635,137,1519,1108,138,151,151,150
2026-05-07,회룡,하차,128,5,1,0,5,138,136,1055,1538,666,631,686,614,614,663,681,638,144,3189,2330,131,145,137,134
2026-05-07,범골,승차,42,5,1,0,2,36,39,649,1008,183,179,169,185,178,177,183,162,43,430,359,42,37,37,36
2026-05-07,범골,하차,38,0,4,0,3,43,37,287,464,187,182,182,196,188,174,163,189,38,1057,659,42,42,36,39
2026-05-07,경전철의정부,승차,36,2,4,1,0,40,43,653,871,188,183,190,187,177,192,171,182,40,488,358,39,41,39,42
2026-05-07,경전철의정부,하차,43,2,0,3,0,41,37,306,442,163,174,191,169,185,186,171,164,38,989,653,36,38,39,40
2026-05-07,의정부시청,승차,65,1,2,3,0,61,59,999,1536,271,261,285,265,283,288,259,282,57,679,494,62,63,64,58
2026-05-07,의정부시청,하차,65,0,3,1,3,56,55,475,649,289,281,257,247,290,263,287,259,60,1374,906,54,56,55,60
2026-05-07,흥선,승차,42,1,3,4,2,37,42,691,1033,186,166,188,178,187,180,162,195,41,458,321,39,36,40,41
2026-05-07,흥선,하차,38,2,1,1,4,38,39,277,418,171,162,184,180,169,174,173,167,41,937,588,36,40,38,39
2026-05-07,의정부중앙,승차,37,5,3,3,5,40,40,693,987,184,173,191,187,186,181,197,189,39,416,371,43,39,39,41
2026-05-07,의정부중앙,하차,41,1,1,4,2,39,41,309,475,193,178,163,179,174,178,168,189,40,906,570,42,42,38,41
2026-05-07,동오,승차,42,3,1,4,3,39,38,690,967,190,177,190,181,170,185,164,195,40,448,356,39,40,42,37
2026-05-07,동오,하차,43,0,4,3,5,41,36,319,484,194,184,162,167,167,181,176,182,37,1015,597,40,43,38,43
2026-05-07,새말,승차,39,2,4,4,1,42,36,702,1038,162,182,197,165,172,163,177,183,41,469,343,39,37,37,37
2026-05-07,새말,하차,40,2,1,5,0,36,36,313,448,177,197,165,185,176,178,190,183,39,917,621,40,39,38,37
2026-05-07,경기도청북부청사,승차,61,5,4,4,0,65,60,1014,1314,269,280,250,282,296,296,285,268,54,727,481,59,62,65,54
2026-05-07,경기도청북부청사,하차,61,2,2,0,4,64,60,434,655,295,258,252,280,275,259,285,257,61,1492,943,61,57,62,54
2026-05-07,효자,승차,19,0,2,4,2,18,18,303,483,83,89,95,85,93,89,95,96,19,206,162,21,18,19,21
2026-05-07,효자,하차,21,3,1,5,0,20,21,138,210,88,86,94,94,90,87,93,89,18,526,279,21,19,20,21
2026-05-07,곤제,승차,20,4,3,5,2,19,21,309,482,89,93,85,93,94,90,93,98,19,202,157,18,19,20,20
2026-05-07,곤제,하차,19,2,0,0,5,21,18,152,207,98,82,91,87,94,92,95,84,18,459,297,20,18,19,21
2026-05-07,어룡,승차,42,5,2,0,0,39,38,592,1036,171,177,179,195,183,168,179,167,42,424,360,43,41,36,36
2026-05-07,어룡,하차,40,3,3,5,0,41,38,312,486,182,180,195,179,177,192,190,190,40,882,676,42,39,40,43
2026-05-07,송산,승차,38,3,5,4,2,36,39,684,978,168,163,175,168,187,194,184,174,36,461,366,37,37,41,40
2026-05-07,송산,하차,39,4,3,3,0,36,36,317,408,166,191,186,178,186,193,167,182,43,889,575,41,39,43,36
2026-05-07,탑석,승차,62,1,2,0,1,64,54,1036,1315,275,276,246,253,261,288,282,264,55,699,529,57,65,56,54
2026-05-07,탑석,하차,56,2,3,2,3,56,60,417,714,277,263,251,290,247,243,293,281,61,1406,965,63,59,55,55
2026-05-08,발곡,승차,38,1,4,4,3,40,36,692,912,177,182,168,197,197,184,193,197,40,446,358,37,36,36,37
2026-05-08,발곡,하차,42,3,5,0,2,37,38,307,485,178,165,163,181,167,163,180,164,37,969,629,39,41,43,37
2026-05-08,회룡,승차,129,1,1,1,4,139,150,2113,3609,624,615,584,657,646,689,592,583,145,1436,1135,149,138,130,135
2026-05-08,회룡,하차,150,5,1,4,0,137,140,1126,1485,626,625,568,620,676,598,621,595,151,3736,2349,151,137,127,153
2026-05-08,범골,승차,41,3,3,5,3,39,36,682,986,176,169,174,170,197,162,186,167,39,456,355,43,39,37,41
2026-05-08,범골,하차,37,5,5,5,5,38,36,295,429,196,181,190,190,164,193,188,163,43,1014,668,36,38,40,38
2026-05-08,경전철의정부,승차,37,0,1,2,0,41,41,682,1020,187,189,189,173,194,180,177,163,38,445,350,42,39,40,42
2026-05-08,경전철의정부,하차,43,2,5,0,3,36,39,280,491,164,167,166,167,167,169,196,162,39,1015,673,39,39,41,36
2026-05-08,의정부시청,승차,56,1,4,3,5,61,57,993,1481,288,267,259,250,285,252,257,269,65,711,477,58,59,55,65
2026-05-08,의정부시청,하차,62,1,5,1,0,54,57,416,642,252,273,244,260,261,263,272,251,57,1593,912,59,55,59,57
2026-05-08,흥선,승차,36,4,5,2,4,41,42,679,1030,174,166,179,163,186,166,162,184,37,437,337,40,37,40,42
2026-05-08,흥선,하차,42,0,3,0,3,37,38,306,489,194,174,167,192,175,175,172,174,43,1053,568,41,39,43,42
2026-05-08,의정부중앙,승차,38,3,3,4,1,37,39,697,1042,164,196,189,165,176,194,176,182,41,472,324,37,39,40,36
2026-05-08,의정부중앙,하차,42,2,5,0,1,38,43,320,447,185,194,177,179,186,170,166,171,43,895,650,40,40,42,41
2026-05-08,동오,승차,39,0,5,2,0,37,39,675,922,163,175,184,196,163,172,185,164,37,461,368,40,37,38,38
2026-05-08,동오,하차,42,2,5,4,1,36,40,292,448,174,194,165,167,169,168,194,184,42,985,623,40,42,36,39
2026-05-08,새말,승차,36,0,2,1,4,40,43,607,912,188,166,166,186,186,173,169,197,39,473,322,36,39,39,37
2026-05-08,새말,하차,36,4,0,0,5,36,36,277,459,183,169,186,163,167,188,171,182,38,1049,654,40,40,36,42
2026-05-08,경기도청북부청사,승차,63,5,2,4,5,55,56,975,1484,262,274,266,294,252,262,263,254,56,622,575,55,55,55,63
2026-05-08,경기도청북부청사,하차,62,0,3,2,5,57,65,444,682,258,289,253,246,288,268,279,252,65,1467,856,59,61,55,55
2026-05-08,효자,승차,19,0,1,1,4,21,19,307,467,89,94,94,91,94,95,97,87,20,245,192,20,18,19,18
2026-05-08,효자,하차,19,1,5,0,0,21,19,155,209,92,82,82,94,94,95,84,92,19,466,300,21,20,21,18
2026-05-08,곤제,승차,19,3,3,0,4,20,21,350,443,88,86,88,94,91,89,90,90,19,227,162,18,19,20,19
2026-05-08,곤제,하차,20,2,0,1,2,21,20,157,230,87,88,98,88,82,85,85,86,18,508,332,18,18,20,18
2026-05-08,어룡,승차,41,4,2,3,2,39,39,659,1008,165,186,174,180,189,174,184,175,39,449,374,42,42,40,38
2026-05-08,어룡,하차,36,3,4,0,4,36,38,274,477,179,169,190,185,172,190,177,181,37,960,635,39,42,37,36
2026-05-08,송산,승차,41,4,5,5,2,43,40,664,1001,177,182,184,180,175,167,167,186,38,444,337,42,36,37,39
2026-05-08,송산,하차,42,2,1,0,0,37,42,297,455,177,185,163,167,166,171,190,185,37,1049,677,39,36,42,36
2026-05-08,탑석,승차,61,3,5,0,5,64,56,988,1425,249,278,274,284,271,269,247,275,63,649,559,62,63,62,65
2026-05-08,탑석,하차,56,1,3,4,4,58,65,433,664,279,295,290,293,262,281,287,244,65,1501,993,61,65,62,63
2026-05-09,발곡,승차,28,2,5,5,1,32,29,32,195,219,190,321,372,331,329,377,379,359,215,210,196,27,32,31
2026-05-09,발곡,하차,32,3,2,0,5,28,27,29,209,201,193,363,368,359,327,346,359,315,188,192,203,27,28,31
2026-05-09,회룡,승차,110,1,5,2,5,97,98,106,675,669,641,1192,1198,1194,1306,1242,1107,1108,708,715,662,96,104,99
2026-05-09,회룡,하차,112,4,2,2,4,96,109,103,758,693,724,1131,1277,1149,1313,1294,1173,1223,648,749,714,115,100,108
2026-05-09,범골,승차,29,1,2,3,2,30,30,27,198,214,218,342,329,341,344,356,320,353,182,217,198,29,30,31
2026-05-09,범골,하차,31,0,4,2,5,29,32,30,203,190,200,380,376,324,337,352,324,323,181,185,214,32,31,32
2026-05-09,경전철의정부,승차,28,4,2,3,2,31,29,32,202,216,205,345,328,318,327,347,326,347,184,215,199,29,32,30
2026-05-09,경전철의정부,하차,29,5,0,1,1,32,31,31,202,206,188,384,315,368,327,379,332,349,183,193,191,32,27,29
2026-05-09,의정부시청,승차,48,2,0,5,3,46,42,46,289,272,307,520,571,577,567,556,486,563,318,286,317,47,45,45
2026-05-09,의정부시청,하차,41,1,3,1,3,43,47,46,277,299,295,557,505,544,486,542,559,526,299,323,298,45,44,47
2026-05-09,흥선,승차,31,3,0,2,5,28,31,27,199,205,200,335,345,378,348,325,323,378,213,200,191,27,27,27
2026-05-09,흥선,하차,27,0,5,2,4,27,30,27,206,187,187,342,320,376,335,356,346,361,204,190,218,32,28,28
2026-05-09,의정부중앙,승차,31,5,4,3,1,30,29,29,206,209,209,336,371,358,363,382,362,371,183,185,187,31,31,28
2026-05-09,의정부중앙,하차,27,1,3,4,2,31,27,29,184,216,209,346,348,316,346,331,335,373,195,193,184,32,29,29
2026-05-09,동오,승차,29,5,2,3,4,31,32,32,214,189,182,316,355,353,333,360,377,323,204,205,197,29,27,31
2026-05-09,동오,하차,29,4,5,4,5,30,27,28,208,218,213,362,366,370,370,374,358,334,209,206,185,28,30,27
2026-05-09,새말,승차,29,2,4,0,2,29,27,31,215,181,182,345,358,323,330,333,338,339,181,215,190,27,31,30
2026-05-09,새말,하차,31,3,0,4,0,31,27,27,205,214,216,325,335,345,350,366,321,360,193,185,213,29,29,31
2026-05-09,경기도청북부청사,승차,42,2,1,2,3,43,46,41,315,295,283,556,515,515,520,562,555,510,271,278,270,47,48,41
2026-05-09,경기도청북부청사,하차,43,1,3,5,1,48,41,46,312,309,301,503,514,543,530,504,550,567,270,286,301,48,46,44
2026-05-09,효자,승차,14,4,5,5,1,16,13,15,97,104,107,175,176,164,175,168,169,179,90,107,100,14,15,14
2026-05-09,효자,하차,14,5,2,4,0,15,16,14,101,90,96,165,183,177,182,190,180,187,94,95,103,15,15,13
2026-05-09,곤제,승차,14,0,4,2,1,15,15,13,91,107,99,173,170,175,178,175,171,166,99,98,98,16,14,16
2026-05-09,곤제,하차,15,1,3,5,4,13,14,14,104,108,97,190,178,171,161,177,158,162,97,109,96,14,15,13
2026-05-09,어룡,승차,30,2,1,5,0,30,27,27,199,192,198,338,341,373,373,324,324,359,210,206,185,31,27,30
2026-05-09,어룡,하차,30,3,0,3,5,27,27,27,205,210,192,360,360,320,381,352,368,382,200,210,200,27,30,30
2026-05-09,송산,승차,32,1,5,4,4,30,29,27,214,180,197,344,375,337,333,323,321,326,185,190,183,28,29,28
2026-05-09,송산,하차,30,0,2,2,2,28,32,32,182,189,203,331,350,350,381,333,337,353,182,181,205,32,27,30
2026-05-09,탑석,승차,45,4,1,3,5,45,47,41,302,280,284,572,573,530,476,557,573,537,309,280,273,48,42,42
2026-05-09,탑석,하차,46,5,4,1,4,41,41,46,319,313,329,564,494,525,556,565,571,539,328,312,286,46,43,42
2026-05-10,발곡,승차,32,5,0,0,5,28,30,31,199,195,183,376,360,352,377,372,346,323,218,195,204,29,32,31
2026-05-10,발곡,하차,32,2,3,5,2,31,31,28,212,205,212,330,383,382,317,349,364,357,180,219,205,27,28,30
2026-05-10,회룡,승차,98,5,5,1,1,110,97,114,749,753,732,1169,1310,1108,1340,1268,1253,1269,753,630,689,108,108,112
2026-05-10,회룡,하차,101,3,5,3,0,113,99,100,688,692,630,1150,1122,1242,1108,1283,1342,1206,640,664,653,101,107,96
2026-05-10,범골,승차,29,4,2,1,1,32,31,31,200,189,182,356,345,321,346,323,383,379,195,215,207,31,27,31
2026-05-10,범골,하차,27,3,5,0,3,29,30,29,214,211,204,346,347,344,358,322,360,362,181,200,203,27,27,31
2026-05-10,경전철의정부,승차,30,4,4,3,4,29,28,31,182,192,197,382,367,336,376,369,325,336,193,194,180,30,31,27
2026-05-10,경전철의정부,하차,30,0,1,5,0,29,31,31,219,203,193,355,382,358,344,326,346,370,181,188,180,28,28,30
2026-05-10,의정부시청,승차,42,2,3,1,0,43,41,40,276,287,281,533,552,477,475,493,490,565,313,290,303,42,40,48
2026-05-10,의정부시청,하차,48,5,5,0,1,43,42,47,309,326,328,577,565,564,479,487,569,555,281,292,292,45,49,42
2026-05-10,흥선,승차,27,1,2,2,5,31,32,32,218,215,188,320,347,361,319,350,367,360,200,199,198,28,29,31
2026-05-10,흥선,하차,31,2,5,4,1,28,28,32,195,192,215,354,380,341,353,324,320,346,194,203,198,30,29,29
2026-05-10,의정부중앙,승차,29,2,0,1,0,29,27,32,200,205,211,379,321,319,317,329,328,338,192,212,207,28,31,32
2026-05-10,의정부중앙,하차,32,5,2,2,2,31,29,29,203,206,198,350,368,325,342,330,367,348,200,211,210,31,29,31
2026-05-10,동오,승차,28,5,3,4,1,30,27,32,180,212,213,338,344,363,343,369,352,337,180,211,216,27,32,28
2026-05-10,동오,하차,30,4,3,1,0,30,28,27,202,198,215,321,322,353,317,363,349,328,182,218,191,28,30,27
2026-05-10,새말,승차,27,1,3,0,3,29,27,32,214,185,188,345,364,348,357,380,356,350,207,191,180,27,27,29
2026-05-10,새말,하차,31,4,3,0,2,30,32,29,213,211,195,372,374,344,327,358,345,341,206,207,183,31,27,32
2026-05-10,경기도청북부청사,승차,41,4,0,5,3,44,47,41,292,315,300,554,515,489,494,477,475,539,310,297,290,44,42,40
2026-05-10,경기도청북부청사,하차,42,1,5,3,4,46,46,44,298,286,279,560,536,491,485,550,490,542,270,286,296,42,46,48
2026-05-10,효자,승차,15,0,4,5,0,14,14,13,90,105,105,190,170,165,160,172,192,169,93,103,94,16,15,15
2026-05-10,효자,하차,14,3,2,5,1,16,14,14,94,92,96,158,180,157,164,165,180,167,102,90,107,14,15,14
2026-05-10,곤제,승차,16,4,0,5,5,16,15,13,93,105,103,191,180,159,158,189,173,175,104,100,104,13,13,15
2026-05-10,곤제,하차,13,3,4,1,2,14,14,15,94,104,109,173,188,162,168,185,158,185,98,106,105,14,15,14
2026-05-10,어룡,승차,28,5,5,1,3,30,28,30,182,199,218,318,384,380,323,327,353,370,188,200,197,29,27,28
2026-05-10,어룡,하차,29,2,3,1,3,27,32,29,186,197,200,366,368,372,370,316,341,374,210,216,203,27,31,28
2026-05-10,송산,승차,29,3,3,1,1,27,28,27,200,209,199,379,380,382,341,349,359,356,196,181,216,29,30,28
2026-05-10,송산,하차,29,5,5,5,0,30,32,31,189,181,212,359,362,363,360,333,346,362,190,204,218,32,27,31
2026-05-10,탑석,승차,46,3,0,1,1,47,42,43,328,309,292,504,515,564,548,481,539,554,290,278,314,48,44,43
2026-05-10,탑석,하차,49,0,5,3,5,44,42,42,278,299,300,484,532,494,493,551,557,492,328,322,296,48,41,46
2026-05-11,발곡,승차,36,0,2,1,5,42,36,619,1036,185,190,163,169,190,175,180,196,38,448,367,40,38,41,38
2026-05-11,발곡,하차,38,2,3,2,0,36,42,294,480,195,162,166,181,196,189,170,178,41,1052,621,41,36,41,43
2026-05-11,회룡,승차,135,0,5,3,3,137,143,2084,3277,684,684,691,674,681,659,604,591,130,1581,1242,149,140,129,148
2026-05-11,회룡,하차,134,4,3,3,3,144,132,989,1654,650,578,621,657,587,684,680,663,132,3263,2159,151,129,129,140
2026-05-11,범골,승차,41,5,1,4,2,39,41,680,927,185,182,192,191,170,166,165,165,41,489,367,36,38,42,43
2026-05-11,범골,하차,40,0,1,3,2,42,43,277,464,183,165,162,192,173,191,172,169,41,910,593,41,42,42,36
2026-05-11,경전철의정부,승차,38,5,5,5,3,38,43,592,1008,167,187,192,195,170,188,195,189,42,470,335,42,43,37,36
2026-05-11,경전철의정부,하차,39,3,3,4,2,41,37,321,440,166,189,182,190,192,187,178,167,37,1018,594,37,37,41,41
2026-05-11,의정부시청,승차,54,4,1,3,1,65,55,1067,1333,245,295,278,275,295,276,264,244,56,673,544,65,61,58,62
2026-05-11,의정부시청,하차,63,3,5,5,2,54,55,415,694,292,255,274,296,268,280,248,275,58,1616,967,57,55,57,62
2026-05-11,흥선,승차,42,3,0,4,4,39,40,661,990,190,166,189,196,194,168,183,168,40,477,323,37,37,37,40
2026-05-11,흥선,하차,42,0,2,1,5,36,38,326,451,190,185,178,182,187,180,197,174,40,923,570,42,37,37,38
2026-05-11,의정부중앙,승차,42,4,4,1,3,36,38,634,1026,176,164,171,177,187,181,164,188,43,467,328,38,41,42,40
2026-05-11,의정부중앙,하차,39,3,4,2,0,41,39,289,413,194,190,167,190,171,165,197,170,43,1035,573,40,43,40,42
2026-05-11,동오,승차,36,4,4,0,1,38,42,608,1008,186,190,181,193,176,183,171,186,41,464,324,40,38,43,41
2026-05-11,동오,하차,38,5,5,3,3,40,38,295,489,193,191,172,192,196,176,173,165,36,1025,675,37,36,41,40
2026-05-11,새말,승차,39,3,5,3,5,43,41,637,972,194,188,187,187,188,170,188,196,42,484,351,40,40,43,41
2026-05-11,새말,하차,43,1,2,4,0,39,39,292,415,194,170,181,189,166,172,172,169,41,993,584,38,43,41,42
2026-05-11,경기도청북부청사,승차,54,4,0,4,2,58,54,1051,1335,262,248,269,247,270,251,249,269,55,696,496,58,57,59,56
2026-05-11,경기도청북부청사,하차,63,3,3,2,0,58,64,422,633,245,264,283,291,251,253,268,278,57,1446,939,63,62,57,63
2026-05-11,효자,승차,21,5,3,0,1,18,20,342,449,93,87,98,94,88,86,89,94,18,209,175,18,21,21,21
2026-05-11,효자,하차,18,1,0,4,1,21,20,154,212,83,81,98,97,88,92,82,81,19,471,318,18,19,19,20
2026-05-11,곤제,승차,20,2,2,1,0,18,18,335,458,86,86,91,88,85,89,87,83,20,233,184,18,19,21,20
2026-05-11,곤제,하차,20,1,1,0,1,20,20,136,246,96,95,84,89,82,97,92,86,19,515,312,18,18,19,20
2026-05-11,어룡,승차,43,4,2,5,3,36,39,706,950,162,183,187,166,163,182,190,186,41,440,362,42,43,37,42
2026-05-11,어룡,하차,39,3,1,1,4,41,43,317,445,187,180,172,169,187,181,168,163,37,889,576,43,43,38,42
2026-05-11,송산,승차,41,1,0,5,2,38,43,699,905,166,194,172,197,184,162,174,188,38,428,316,41,42,43,40
2026-05-11,송산,하차,41,5,5,4,3,37,38,304,477,189,167,170,188,175,194,165,168,37,1051,581,39,41,41,36
2026-05-11,탑석,승차,55,3,1,0,3,64,65,897,1432,282,286,275,263,244,287,284,277,54,641,481,55,61,54,65
2026-05-11,탑석,하차,65,5,5,1,4,64,63,432,672,256,272,257,272,244,245,272,248,64,1445,837,56,56,58,58
2026-05-12,발곡,승차,38,5,5,0,0,37,43,621,869,174,174,195,165,163,167,177,174,37,443,377,41,40,38,43
2026-05-12,발곡,하차,38,2,5,0,1,42,37,278,445,190,197,191,166,177,188,167,173,37,1032,601,39,39,43,40
2026-05-12,회룡,승차,143,5,3,3,3,140,148,2222,3378,620,639,654,661,655,596,567,692,126,1593,1337,151,127,135,149
2026-05-12,회룡,하차,150,2,4,3,1,127,129,1147,1639,614,570,688,613,655,650,576,672,150,3107,2111,128,128,141,148
2026-05-12,범골,승차,37,5,4,2,5,38,42,675,909,167,193,163,189,180,162,191,186,43,454,373,43,40,41,39
2026-05-12,범골,하차,37,4,1,3,1,39,42,328,459,164,186,179,185,176,175,163,175,39,934,570,38,42,38,37
2026-05-12,경전철의정부,승차,37,1,2,1,0,37,36,659,863,197,179,163,165,173,197,189,196,40,433,342,38,37,41,38
2026-05-12,경전철의정부,하차,43,4,1,3,0,38,37,297,484,165,187,193,191,185,189,167,196,40,1024,638,43,38,42,38
2026-05-12,의정부시청,승차,58,3,5,3,4,61,65,988,1565,248,243,284,259,289,286,291,269,59,630,503,54,60,58,54
2026-05-12,의정부시청,하차,62,3,3,1,4,59,58,430,662,276,279,266,270,276,259,247,265,59,1580,1021,54,65,54,63
2026-05-12,흥선,승차,41,1,2,4,0,37,42,671,921,178,181,191,165,168,165,196,176,39,441,319,38,40,37,41
2026-05-12,흥선,하차,36,4,3,1,0,43,42,273,477,190,197,169,169,162,189,177,171,37,909,591,36,42,39,39
2026-05-12,의정부중앙,승차,37,1,0,3,2,37,38,639,945,186,167,187,174,186,176,162,190,40,412,361,40,38,43,43
2026-05-12,의정부중앙,하차,41,2,3,3,0,42,41,285,470,197,195,192,184,185,182,163,188,37,1018,654,40,37,37,37
2026-05-12,동오,승차,41,2,0,2,0,41,41,644,932,174,181,180,189,166,168,177,168,40,453,341,42,41,39,38
2026-05-12,동오,하차,40,0,0,0,3,36,41,307,454,184,180,191,186,192,169,189,181,36,1049,675,38,42,39,43
2026-05-12,새말,승차,41,3,2,4,5,38,42,688,933,170,194,176,162,167,175,191,191,40,435,382,43,37,43,37
2026-05-12,새말,하차,41,4,5,5,2,40,39,275,477,180,184,190,192,184,171,181,196,37,900,612,41,40,36,41
2026-05-12,경기도청북부청사,승차,65,3,5,3,2,56,61,920,1337,288,282,286,263,257,245,247,250,54,740,563,55,65,55,55
2026-05-12,경기도청북부청사,하차,57,0,2,1,3,63,58,448,691,254,265,291,277,267,251,259,291,61,1508,995,55,58,58,65
2026-05-12,효자,승차,20,4,0,0,4,20,18,348,438,84,86,84,94,97,85,89,98,19,227,167,20,19,20,19
2026-05-12,효자,하차,18,5,5,3,4,19,21,163,224,96,88,94,95,92,91,88,91,19,503,282,18,18,20,20
2026-05-12,곤제,승차,19,5,4,0,2,19,18,308,447,87,83,86,81,93,93,84,91,19,212,159,19,18,18,20
2026-05-12,곤제,하차,20,5,5,3,2,18,18,149,204,85,83,89,91,91,85,81,81,21,497,279,19,18,21,18
2026-05-12,어룡,승차,40,2,0,3,2,38,38,595,1002,179,163,172,197,179,185,194,192,43,414,330,42,37,43,42
2026-05-12,어룡,하차,41,0,2,4,5,42,38,317,414,196,164,173,184,191,171,168,166,39,906,664,42,43,43,39
2026-05-12,송산,승차,39,4,3,2,5,39,36,684,990,174,192,170,185,192,187,164,179,37,465,347,39,39,38,42
2026-05-12,송산,하차,42,2,2,5,4,36,37,325,439,178,184,169,176,164,177,186,196,40,902,615,36,36,36,39
2026-05-12,탑석,승차,57,4,2,4,3,56,58,961,1377,266,262,245,263,293,253,253,252,57,689,526,55,54,56,55
2026-05-12,탑석,하차,55,4,0,2,4,62,58,440,637,287,280,269,252,253,277,281,258,54,1377,1005,61,62,64,62
2026-05-13,발곡,승차,37,1,3,0,3,38,37,619,869,186,192,183,196,182,179,170,165,42,456,384,42,40,37,37
2026-05-13,발곡,하차,36,5,3,4,3,38,39,319,432,174,180,185,193,192,179,171,180,41,910,608,37,43,38,36
2026-05-13,회룡,승차,142,3,5,3,2,150,145,2456,3291,687,633,600,652,678,616,619,692,134,1430,1229,135,143,138,138
2026-05-13,회룡,하차,153,2,0,5,5,130,153,1075,1626,605,603,667,568,572,602,641,573,134,3382,2239,126,133,135,133
2026-05-13,범골,승차,42,4,0,1,1,39,43,622,861,195,170,186,175,176,194,194,195,40,420,345,43,42,37,42
2026-05-13,범골,하차,38,1,0,5,1,39,43,296,417,177,173,195,187,178,177,177,176,36,991,676,39,42,40,38
2026-05-13,경전철의정부,승차,37,1,4,0,3,37,41,645,999,180,192,165,171,197,165,183,191,40,467,375,36,40,40,41
2026-05-13,경전철의정부,하차,41,4,3,5,1,38,38,329,405,179,186,166,162,183,166,165,169,39,1045,613,36,36,39,43
2026-05-13,의정부시청,승차,63,4,4,5,3,55,54,905,1494,255,270,280,253,268,258,248,274,58,644,513,63,59,63,55
2026-05-13,의정부시청,하차,57,3,2,5,4,59,64,436,626,290,267,243,251,270,289,254,291,60,1473,869,55,61,60,59
2026-05-13,흥선,승차,42,5,3,5,3,40,37,677,951,185,171,187,183,182,183,191,164,36,470,331,41,39,41,38
2026-05-13,흥선,하차,37,5,0,1,3,42,39,273,460,166,192,164,189,183,192,195,173,41,956,680,40,37,38,39
2026-05-13,의정부중앙,승차,38,1,4,1,0,41,41,611,1008,194,174,176,181,164,168,188,194,41,449,373,40,39,38,40
2026-05-13,의정부중앙,하차,40,0,5,0,1,42,38,277,425,183,173,170,195,195,171,187,164,42,1071,567,40,42,43,40
2026-05-13,동오,승차,39,5,4,2,0,38,38,628,1000,167,181,188,195,185,193,170,164,43,486,364,42,36,43,43
2026-05-13,동오,하차,40,0,3,2,0,36,40,309,443,172,192,196,162,163,189,191,181,42,1015,649,40,36,42,41
2026-05-13,새말,승차,39,1,0,2,2,39,36,615,966,170,188,193,190,182,197,162,187,42,411,323,37,36,38,41
2026-05-13,새말,하차,37,4,5,0,4,37,41,318,485,192,177,172,175,181,193,170,194,38,988,570,38,39,43,39
2026-05-13,경기도청북부청사,승차,54,4,5,0,1,54,56,963,1500,294,244,288,257,274,259,295,246,64,659,474,58,59,56,58
2026-05-13,경기도청북부청사,하차,61,5,4,0,2,65,64,477,687,283,261,287,266,266,282,282,246,55,1437,971,62,64,65,59
2026-05-13,효자,승차,20,4,3,1,0,19,20,310,522,94,86,91,81,85,85,85,92,21,203,168,20,21,21,19
2026-05-13,효자,하차,18,0,3,4,0,20,18,161,227,98,88,85,95,85,89,85,84,21,505,293,20,18,20,19
2026-05-13,곤제,승차,19,1,5,2,2,20,18,307,437,90,83,82,84,91,95,93,82,19,215,158,20,19,21,21
2026-05-13,곤제,하차,19,2,1,2,4,18,20,159,225,95,90,91,87,84,95,81,94,19,538,283,18,21,18,20
2026-05-13,어룡,승차,40,3,0,4,4,39,40,642,906,192,172,170,170,189,175,178,188,36,426,366,43,38,38,40
2026-05-13,어룡,하차,43,4,3,1,1,42,39,305,417,171,172,173,164,177,197,182,184,42,1058,666,36,36,38,40
2026-05-13,송산,승차,43,1,3,1,1,40,40,635,935,166,187,170,172,174,191,174,183,36,469,320,43,43,43,41
2026-05-13,송산,하차,41,3,5,4,4,36,43,305,438,185,175,177,180,183,196,165,172,38,992,669,40,42,39,38
2026-05-13,탑석,승차,57,1,5,5,4,57,64,938,1381,251,258,269,255,252,293,257,275,55,638,501,55,60,60,56
2026-05-13,탑석,하차,61,4,1,0,2,65,60,470,677,287,258,248,281,288,266,266,257,64,1614,973,55,58,54,63
2026-05-14,발곡,승차,41,4,3,4,0,41,38,705,937,195,190,173,192,185,193,163,184,36,417,341,43,41,38,37
2026-05-14,발곡,하차,42,2,5,4,5,37,39,299,460,187,163,186,184,184,170,174,181,43,1054,662,43,41,39,41
2026-05-14,회룡,승차,142,2,0,2,3,135,144,2100,3301,607,581,654,655,664,627,668,628,137,1491,1173,140,150,147,127
2026-05-14,회룡,하차,147,2,3,2,2,139,132,1078,1431,623,594,677,634,665,580,689,643,129,3457,2365,126,136,147,135
2026-05-14,범골,승차,38,0,4,4,1,42,39,678,910,167,175,176,181,170,162,192,189,40,450,370,36,38,36,41
2026-05-14,범골,하차,41,5,3,1,2,42,36,300,468,188,162,188,181,195,165,183,176,42,1050,655,39,41,38,39
2026-05-14,경전철의정부,승차,36,4,2,1,4,38,38,676,951,175,197,188,196,189,187,178,182,36,474,346,39,36,38,37
2026-05-14,경전철의정부,하차,41,4,3,0,4,42,40,320,473,164,179,176,188,192,163,186,183,42,934,583,40,39,39,43
2026-05-14,의정부시청,승차,56,3,5,0,3,62,58,1025,1328,283,251,266,295,245,265,252,286,59,708,529,58,57,59,57
2026-05-14,의정부시청,하차,65,4,2,1,4,62,63,490,657,275,268,254,260,283,296,293,251,62,1462,896,56,59,65,54
2026-05-14,흥선,승차,41,0,2,4,1,36,41,699,920,162,168,172,194,177,188,175,189,43,455,359,37,40,36,37
2026-05-14,흥선,하차,37,1,4,3,4,40,43,314,460,194,169,162,170,169,195,184,167,39,882,567,43,37,42,39
2026-05-14,의정부중앙,승차,39,0,3,3,2,38,40,653,1022,192,196,196,192,187,192,182,179,42,466,354,39,38,36,38
2026-05-14,의정부중앙,하차,39,5,4,1,1,43,43,281,437,169,183,173,194,194,180,162,171,41,1007,607,43,41,38,36
2026-05-14,동오,승차,40,5,4,3,5,42,42,689,862,163,194,167,188,193,166,177,192,36,462,319,36,40,43,37
2026-05-14,동오,하차,40,5,2,1,4,41,38,270,464,176,186,164,168,189,167,171,168,36,1001,643,39,41,42,43
2026-05-14,새말,승차,38,0,4,0,3,36,43,608,871,173,184,162,168,162,184,178,193,43,432,362,43,42,41,41
2026-05-14,새말,하차,38,2,1,3,1,38,37,328,428,177,165,174,175,189,180,191,186,37,1068,630,37,40,43,39
2026-05-14,경기도청북부청사,승차,61,2,5,4,2,55,63,927,1415,244,249,278,253,250,274,263,263,61,612,546,61,64,54,59
2026-05-14,경기도청북부청사,하차,58,0,2,3,0,59,61,458,701,282,268,256,282,275,269,264,245,65,1391,1010,65,55,59,57
2026-05-14,효자,승차,20,1,2,5,1,21,20,301,490,95,81,82,95,83,87,88,89,20,211,163,19,18,21,19
2026-05-14,효자,하차,20,4,2,1,3,20,19,141,223,87,89,85,97,87,86,97,88,19,468,320,21,20,20,19
2026-05-14,곤제,승차,20,0,4,1,2,20,18,331,465,82,85,89,81,86,82,87,84,18,216,181,19,19,21,18
2026-05-14,곤제,하차,19,0,0,5,3,21,18,144,228,87,89,89,98,88,94,86,85,20,500,328,19,19,19,19
2026-05-14,어룡,승차,40,1,4,5,0,38,43,661,892,191,188,178,163,172,166,179,175,43,466,332,38,38,42,40
2026-05-14,어룡,하차,37,0,2,4,5,36,41,284,412,165,188,184,177,171,196,186,170,42,1045,648,40,39,36,38
2026-05-14,송산,승차,37,5,0,5,5,41,39,587,1035,171,185,193,192,177,166,168,171,38,451,374,37,42,38,39
2026-05-14,송산,하차,42,5,1,5,3,43,41,286,441,162,176,166,171,183,197,173,169,36,945,565,38,41,42,40
2026-05-14,탑석,승차,61,3,4,2,3,55,64,974,1434,252,264,264,278,273,247,269,296,54,708,528,57,63,59,59
2026-05-14,탑석,하차,55,4,3,0,2,60,59,426,731,250,275,288,248,254,296,273,252,55,1551,973,58,58,63,59
2026-05-15,발곡,승차,40,2,5,5,2,40,40,614,931,189,172,195,167,193,176,162,191,42,464,362,36,40,39,39
2026-05-15,발곡,하차,37,1,4,0,5,39,36,306,419,184,186,196,162,183,190,176,180,37,1060,614,41,37,39,41
2026-05-15,회룡,승차,131,0,1,3,4,138,132,2127,3299,647,668,672,676,681,597,657,575,146,1632,1202,140,139,136,147
2026-05-15,회룡,하차,152,4,4,4,3,139,146,1006,1542,670,663,612,657,631,648,621,582,130,3267,2311,147,129,130,137
2026-05-15,범골,승차,38,3,0,5,5,39,37,618,911,178,190,187,182,183,189,167,172,37,438,340,38,43,37,41
2026-05-15,범골,하차,39,2,5,4,3,38,37,321,457,167,162,175,180,193,180,179,194,43,1008,630,40,40,39,43
2026-05-15,경전철의정부,승차,41,3,3,0,2,37,37,664,993,166,169,179,182,184,162,188,191,42,485,366,38,36,41,43
2026-05-15,경전철의정부,하차,40,4,4,0,4,37,38,314,467,185,170,186,178,163,183,181,165,37,1044,565,43,40,36,37
2026-05-15,의정부시청,승차,61,3,0,5,3,55,55,915,1437,254,269,273,274,289,249,290,284,56,716,537,59,54,63,61
2026-05-15,의정부시청,하차,59,4,2,2,4,56,57,455,649,266,295,294,269,260,295,268,251,54,1450,893,65,59,61,60
2026-05-15,흥선,승차,37,1,4,4,5,38,40,659,884,167,189,190,192,183,167,196,197,41,475,369,38,43,39,42
2026-05-15,흥선,하차,38,2,5,2,3,42,36,326,409,176,185,167,178,171,191,169,185,38,1045,560,39,39,40,41
2026-05-15,의정부중앙,승차,42,3,0,1,3,43,40,708,1034,190,176,196,187,170,197,183,164,36,435,352,39,38,39,43
2026-05-15,의정부중앙,하차,36,5,1,4,1,40,39,289,454,185,182,191,186,167,189,193,187,41,1069,602,42,41,37,38
2026-05-15,동오,승차,37,1,5,4,0,37,41,640,1008,190,191,164,197,175,182,197,196,42,434,352,38,38,36,36
2026-05-15,동오,하차,36,0,4,0,3,40,43,315,474,177,171,178,193,188,185,164,185,38,985,643,42,39,36,40
2026-05-15,새말,승차,36,0,2,2,4,41,38,644,981,189,182,174,193,193,167,189,169,37,407,357,42,42,40,43
2026-05-15,새말,하차,38,1,1,3,1,43,37,291,417,194,177,192,175,177,188,188,175,39,960,583,39,42,36,37
2026-05-15,경기도청북부청사,승차,64,0,1,3,2,62,57,914,1563,286,262,256,249,267,243,286,264,64,655,571,64,59,64,57
2026-05-15,경기도청북부청사,하차,65,5,3,2,2,54,64,420,608,271,250,268,245,275,254,282,258,61,1565,914,56,60,55,63
2026-05-15,효자,승차,20,0,0,2,2,21,19,313,501,86,96,81,96,97,81,87,91,20,209,158,21,18,21,18
2026-05-15,효자,하차,19,4,4,0,3,21,19,144,226,98,93,82,89,95,91,83,90,21,454,319,20,20,19,20
2026-05-15,곤제,승차,18,5,2,3,4,20,21,309,512,86,87,83,94,96,94,95,92,21,246,158,20,21,18,19
2026-05-15,곤제,하차,18,2,4,1,2,20,18,143,237,97,87,97,85,95,89,90,92,20,474,311,18,19,20,21
2026-05-15,어룡,승차,37,3,0,2,2,38,39,712,870,193,180,176,195,197,169,192,169,36,471,339,40,37,42,40
2026-05-15,어룡,하차,42,1,4,1,1,41,42,283,488,187,181,196,177,169,163,196,176,39,984,610,39,38,41,38
2026-05-15,송산,승차,36,5,5,0,3,37,39,605,1039,197,197,176,167,177,183,170,174,37,490,324,39,41,40,41
2026-05-15,송산,하차,37,2,0,4,0,42,40,283,444,191,181,183,167,193,189,187,193,43,890,661,38,41,39,37
2026-05-15,탑석,승차,62,3,1,0,4,65,64,924,1524,269,280,266,246,248,284,288,282,64,693,507,62,57,58,54
2026-05-15,탑석,하차,62,4,4,2,5,59,61,455,689,290,279,245,248,288,277,248,248,65,1393,944,62,61,63,62
2026-05-16,발곡,승차,27,3,4,0,5,31,29,32,188,187,205,338,335,343,316,346,377,340,207,194,218,28,31,28
2026-05-16,발곡,하차,31,1,4,5,2,31,28,29,183,194,201,371,382,337,336,378,321,343,204,205,210,28,32,29
2026-05-16,회룡,승차,101,2,1,0,2,113,109,106,735,705,685,1272,1151,1124,1249,1317,1201,1167,730,704,685,113,96,114
2026-05-16,회룡,하차,111,2,0,1,0,99,97,115,633,661,727,1156,1316,1210,1301,1138,1175,1338,750,697,691,106,115,98
2026-05-16,범골,승차,28,3,3,5,2,31,28,29,216,217,192,339,382,324,375,384,332,352,185,219,211,30,29,28
2026-05-16,범골,하차,31,5,5,4,1,29,30,27,204,199,197,381,326,354,354,319,339,375,185,207,182,31,30,32
2026-05-16,경전철의정부,승차,31,3,1,1,2,30,31,28,202,215,217,325,352,362,337,315,357,364,194,184,219,30,30,31
2026-05-16,경전철의정부,하차,31,4,1,0,3,31,28,27,196,208,207,371,341,348,374,327,336,327,197,190,183,28,28,29
2026-05-16,의정부시청,승차,46,3,4,4,4,41,43,42,327,301,270,512,475,567,531,562,572,492,307,280,283,43,48,48
2026-05-16,의정부시청,하차,45,3,1,3,0,48,48,47,277,326,326,483,544,534,490,482,492,488,306,290,297,46,47,47
2026-05-16,흥선,승차,32,0,2,3,3,27,27,32,199,213,206,367,356,374,321,360,378,354,208,200,210,30,28,27
2026-05-16,흥선,하차,31,5,3,3,0,28,29,29,199,211,191,362,318,373,328,321,377,367,202,186,192,27,27,32
2026-05-16,의정부중앙,승차,29,4,5,5,1,30,31,27,188,198,187,330,337,364,349,354,357,318,195,216,184,28,32,30
2026-05-16,의정부중앙,하차,32,1,1,3,1,30,30,28,216,207,208,378,336,380,360,378,343,315,212,195,213,28,31,28
2026-05-16,동오,승차,27,0,3,5,5,27,27,31,182,201,186,366,381,365,363,334,335,374,190,210,195,32,28,27
2026-05-16,동오,하차,32,4,3,0,3,28,31,31,189,204,197,324,356,317,380,368,328,329,192,202,217,29,32,32
2026-05-16,새말,승차,29,5,3,2,1,28,28,30,197,214,182,332,351,353,325,382,318,362,196,201,204,28,32,29
2026-05-16,새말,하차,27,1,0,3,0,32,31,27,201,180,212,348,355,342,362,342,378,331,199,190,219,30,29,32
2026-05-16,경기도청북부청사,승차,44,1,5,3,1,43,40,47,278,297,312,529,496,514,560,509,571,516,295,314,296,43,43,43
2026-05-16,경기도청북부청사,하차,44,1,5,1,5,46,46,48,302,315,294,540,494,487,483,540,504,559,316,307,273,42,45,41
2026-05-16,효자,승차,14,1,0,3,1,14,15,15,93,98,105,164,171,173,187,162,190,168,108,102,104,16,15,15
2026-05-16,효자,하차,13,0,0,2,1,16,14,13,102,96,108,173,169,163,168,185,163,188,93,92,108,14,15,15
2026-05-16,곤제,승차,15,1,5,3,0,13,14,14,93,90,103,186,190,177,163,188,191,190,101,107,109,16,13,13
2026-05-16,곤제,하차,14,1,5,5,5,15,15,14,109,99,102,178,192,170,166,175,191,189,90,96,93,15,15,14
2026-05-16,어룡,승차,32,2,5,0,0,27,32,30,209,180,195,378,341,317,362,363,338,371,214,211,196,29,32,31
2026-05-16,어룡,하차,30,2,3,0,2,32,32,27,185,210,189,327,319,355,331,321,320,365,209,193,216,27,30,32
2026-05-16,송산,승차,32,2,0,0,1,32,32,28,208,183,197,362,329,365,342,358,328,372,208,199,208,29,31,30
2026-05-16,송산,하차,32,4,1,2,4,30,28,27,210,187,213,367,330,342,373,335,343,359,188,190,193,28,27,32
2026-05-16,탑석,승차,46,1,0,5,3,41,47,46,270,314,275,534,568,510,544,543,479,500,320,297,314,44,44,47
2026-05-16,탑석,하차,43,1,1,2,3,43,47,49,294,322,297,488,549,512,572,564,555,512,322,278,291,44,47,48
2026-05-17,발곡,승차,27,1,3,2,0,29,27,31,214,191,187,357,349,345,374,349,361,339,184,218,208,30,27,30
2026-05-17,발곡,하차,29,3,2,2,5,30,30,30,201,193,194,363,323,354,348,316,340,332,217,207,216,32,30,32
2026-05-17,회룡,승차,104,2,2,1,5,106,113,109,715,743,664,1240,1320,1179,1318,1196,1138,1181,704,694,756,114,109,95
2026-05-17,회룡,하차,102,2,2,0,1,107,101,111,697,650,668,1180,1343,1250,1233,1304,1260,1337,713,646,732,109,98,111
2026-05-17,범골,승차,28,3,0,1,0,27,30,29,194,211,219,346,341,325,346,336,380,346,187,204,191,30,28,27
2026-05-17,범골,하차,27,3,2,3,5,29,28,28,204,210,205,337,367,317,350,365,364,349,217,185,184,27,31,27
2026-05-17,경전철의정부,승차,29,0,0,4,3,30,29,27,212,212,197,323,378,333,331,360,354,318,213,189,181,28,28,27
2026-05-17,경전철의정부,하차,32,2,5,0,2,29,31,31,202,181,203,329,355,315,364,355,340,377,186,188,201,32,31,28
2026-05-17,의정부시청,승차,45,1,4,1,2,44,46,44,296,328,310,553,493,484,513,483,570,494,315,314,287,46,42,45
2026-05-17,의정부시청,하차,43,5,4,2,0,43,42,42,290,299,313,548,520,513,551,569,522,535,317,310,326,41,41,40
2026-05-17,흥선,승차,27,0,0,3,1,27,29,30,218,209,194,334,360,335,317,323,324,346,217,219,216,27,30,32
2026-05-17,흥선,하차,31,3,0,1,4,31,28,27,202,182,207,330,342,341,317,345,347,327,180,215,206,32,32,31
2026-05-17,의정부중앙,승차,31,2,2,1,3,31,32,27,202,214,202,364,370,365,366,335,321,340,212,201,194,32,31,30
2026-05-17,의정부중앙,하차,28,3,3,2,1,31,31,29,201,194,197,357,376,338,340,347,367,375,186,181,200,32,30,30
2026-05-17,동오,승차,30,1,4,1,3,27,29,27,200,181,184,315,380,361,326,330,364,338,184,209,211,30,29,30
2026-05-17,동오,하차,29,5,0,5,5,32,28,27,211,200,184,325,320,381,331,343,372,352,183,212,180,27,27,28
2026-05-17,새말,승차,31,2,0,2,0,31,28,29,188,197,203,348,358,317,349,317,337,317,208,214,195,30,27,31
2026-05-17,새말,하차,30,5,0,3,0,29,30,27,208,208,216,346,367,331,383,317,336,369,214,188,196,27,27,32
2026-05-17,경기도청북부청사,승차,47,3,1,5,4,46,40,45,311,299,324,503,489,502,507,484,488,560,281,299,270,47,47,48
2026-05-17,경기도청북부청사,하차,47,1,5,3,3,47,49,41,279,277,328,536,474,524,555,517,546,566,292,302,295,40,44,46
2026-05-17,효자,승차,13,5,3,1,1,13,13,15,103,98,109,170,166,159,185,163,171,177,94,92,92,15,13,13
2026-05-17,효자,하차,15,5,4,1,1,16,15,14,99,99,91,171,179,176,185,162,161,175,107,91,100,16,15,14
2026-05-17,곤제,승차,15,2,2,3,2,15,13,15,108,97,102,187,183,161,179,185,188,180,105,93,101,14,15,14
2026-05-17,곤제,하차,13,0,1,0,3,14,15,16,96,106,102,189,187,173,174,184,186,178,101,103,101,15,13,14
2026-05-17,어룡,승차,31,4,5,5,2,32,30,28,217,192,189,328,383,328,338,362,334,356,206,187,204,31,31,31
2026-05-17,어룡,하차,28,5,2,3,1,27,31,28,189,203,205,338,377,371,341,342,365,380,198,193,190,27,27,29
2026-05-17,송산,승차,30,0,2,3,4,30,28,30,187,182,197,383,356,348,342,323,327,340,212,182,213,28,30,28
2026-05-17,송산,하차,31,5,0,4,0,29,30,28,197,189,204,354,333,353,373,325,353,337,188,212,213,28,30,32
2026-05-17,탑석,승차,41,2,0,3,3,45,48,48,286,270,310,518,562,561,519,496,561,515,296,279,323,48,47,40
2026-05-17,탑석,하차,47,5,4,0,4,43,44,42,278,274,320,544,490,514,495,509,501,547,323,292,322,49,46,45
2026-05-18,발곡,승차,41,5,3,2,3,39,39,640,938,174,171,194,171,167,169,183,180,40,422,317,39,36,37,41
2026-05-18,발곡,하차,37,4,0,2,2,37,39,322,421,176,167,164,193,184,182,190,193,42,1027,593,39,39,37,36
2026-05-18,회룡,승차,152,0,0,1,3,141,136,2128,3347,590,666,608,588,601,669,630,679,137,1470,1217,149,132,143,136
2026-05-18,회룡,하차,147,3,0,1,0,127,136,945,1562,667,652,616,635,617,633,688,685,135,3502,2264,146,147,140,137
2026-05-18,범골,승차,40,0,4,2,3,39,38,588,947,189,169,189,189,178,183,189,167,42,440,324,43,43,38,39
2026-05-18,범골,하차,41,1,3,1,5,43,38,273,446,175,185,177,183,174,180,179,195,42,975,601,37,43,37,43
2026-05-18,경전철의정부,승차,37,2,4,4,3,39,42,644,973,172,163,180,166,177,179,189,163,42,470,354,36,43,43,39
2026-05-18,경전철의정부,하차,41,5,1,1,3,38,37,272,406,166,177,168,190,193,177,182,197,37,1076,578,36,41,42,37
2026-05-18,의정부시청,승차,64,5,0,2,2,64,65,927,1441,291,286,260,278,271,279,288,274,62,716,554,56,63,59,57
2026-05-18,의정부시청,하차,65,5,0,2,2,55,55,425,713,290,256,291,293,280,270,265,264,60,1410,882,61,65,61,63
2026-05-18,흥선,승차,43,3,1,0,2,36,37,699,948,196,183,176,192,172,183,167,167,38,438,320,36,42,36,40
2026-05-18,흥선,하차,39,5,0,1,2,43,38,311,479,174,182,163,194,173,163,182,197,40,1043,581,37,39,43,36
2026-05-18,의정부중앙,승차,40,4,4,0,2,37,42,651,949,170,172,176,174,167,179,178,196,38,463,372,39,43,42,42
2026-05-18,의정부중앙,하차,41,3,1,0,0,37,43,277,470,172,173,173,170,179,176,195,186,41,1024,595,41,43,41,38
2026-05-18,동오,승차,39,0,2,3,3,42,42,643,1009,188,187,185,196,189,193,168,193,37,427,321,43,38,36,37
2026-05-18,동오,하차,40,2,5,0,5,38,38,306,435,165,189,196,169,167,186,192,188,38,958,623,40,43,37,42
2026-05-18,새말,승차,41,5,2,3,2,36,40,710,866,191,177,178,193,182,195,192,170,38,485,374,42,41,40,39
2026-05-18,새말,하차,36,1,3,0,0,42,38,318,454,177,180,196,190,185,173,183,163,43,923,639,38,36,37,43
2026-05-18,경기도청북부청사,승차,60,4,0,0,1,65,54,902,1496,256,278,279,265,291,254,251,248,65,649,529,60,54,65,64
2026-05-18,경기도청북부청사,하차,64,1,2,0,2,55,63,475,670,249,279,258,247,285,262,263,253,65,1536,1006,61,65,63,65
2026-05-18,효자,승차,18,4,4,5,2,21,21,320,504,94,88,84,92,89,91,93,98,20,240,190,21,20,19,19
2026-05-18,효자,하차,19,0,0,0,2,20,19,160,246,96,82,96,91,91,83,83,89,21,512,300,20,18,21,19
2026-05-18,곤제,승차,19,2,0,2,1,20,21,357,454,96,98,98,87,89,94,88,81,19,210,160,18,20,20,18
2026-05-18,곤제,하차,18,2,0,1,0,18,19,160,227,90,96,95,90,91,93,86,90,19,528,325,18,21,19,20
2026-05-18,어룡,승차,38,0,4,3,2,39,36,605,1033,194,170,174,168,195,187,165,191,39,470,323,41,42,41,37
2026-05-18,어룡,하차,39,2,5,1,1,36,37,310,422,181,174,176,183,194,172,170,192,36,964,638,39,43,39,37
2026-05-18,송산,승차,38,1,4,5,5,36,43,681,993,186,166,169,196,182,185,187,191,36,414,329,37,41,42,42
2026-05-18,송산,하차,38,5,2,1,1,37,38,322,482,185,179,196,177,171,177,167,190,42,1028,623,37,36,38,38
2026-05-18,탑석,승차,56,3,4,3,5,56,56,1045,1521,295,257,268,266,250,285,277,263,65,681,539,55,57,58,57
2026-05-18,탑석,하차,55,4,5,0,0,56,57,477,709,279,273,276,286,271,252,269,271,55,1328,979,63,59,58,59
2026-05-19,발곡,승차,37,5,2,2,5,39,42,663,962,165,178,169,170,163,174,178,170,38,425,382,36,36,40,37
2026-05-19,발곡,하차,39,3,5,5,4,39,37,314,424,165,171,195,176,197,185,194,194,36,1063,633,36,38,40,41
2026-05-19,회룡,승차,152,3,4,5,3,148,132,2234,3212,578,640,683,601,620,610,611,623,145,1425,1126,143,126,133,130
2026-05-19,회룡,하차,130,5,1,2,5,138,143,951,1646,658,613,662,662,672,621,653,672,130,3346,2027,126,130,149,137
2026-05-19,범골,승차,36,0,0,5,2,41,41,699,955,194,183,196,183,173,178,191,183,41,424,346,37,42,39,38
2026-05-19,범골,하차,40,0,2,4,0,42,36,311,486,170,187,196,166,179,194,182,188,37,983,624,37,37,43,40
2026-05-19,경전철의정부,승차,40,1,0,4,2,38,37,608,936,192,169,190,169,184,180,184,164,41,454,366,38,37,38,42
2026-05-19,경전철의정부,하차,36,0,5,5,2,37,41,308,412,186,179,190,177,194,185,164,184,43,887,576,38,39,36,43
2026-05-19,의정부시청,승차,61,2,4,4,4,59,59,1054,1304,252,284,270,285,259,268,270,268,54,614,542,64,58,61,55
2026-05-19,의정부시청,하차,62,1,4,3,2,60,65,438,614,259,252,274,282,272,245,268,264,56,1500,951,59,58,65,63
2026-05-19,흥선,승차,42,4,0,0,3,38,40,700,1028,188,171,188,196,185,181,179,193,37,422,365,37,41,39,37
2026-05-19,흥선,하차,41,3,2,4,5,41,38,287,406,193,189,166,188,192,177,165,196,38,972,563,39,43,41,37
2026-05-19,의정부중앙,승차,43,2,0,1,2,38,41,623,1037,194,162,165,175,176,172,172,182,42,450,379,42,41,38,40
2026-05-19,의정부중앙,하차,40,2,1,5,5,38,38,308,494,172,169,169,196,191,168,180,183,43,905,648,42,42,36,41
2026-05-19,동오,승차,39,0,4,1,5,41,39,602,977,197,163,176,163,164,165,189,189,39,491,384,36,43,42,42
2026-05-19,동오,하차,41,0,1,0,0,40,38,294,454,192,180,162,186,174,184,179,188,42,998,677,43,43,43,41
2026-05-19,새말,승차,39,2,0,4,0,42,41,659,875,172,170,181,174,162,167,197,169,42,419,330,40,37,37,38
2026-05-19,새말,하차,38,2,5,5,4,40,43,272,438,162,190,170,195,177,196,188,180,36,1028,610,42,43,43,42
2026-05-19,경기도청북부청사,승차,54,2,4,0,5,59,57,1022,1310,252,254,291,262,287,270,252,273,59,721,517,60,64,61,65
2026-05-19,경기도청북부청사,하차,63,0,2,0,3,63,58,426,723,292,282,271,265,254,277,276,249,55,1431,965,54,63,60,65
2026-05-19,효자,승차,20,2,1,5,2,20,18,341,494,92,92,94,91,87,95,86,90,20,229,183,20,21,19,21
2026-05-19,효자,하차,19,2,5,1,4,18,18,150,216,92,98,84,84,84,84,95,95,19,454,339,19,20,21,19
2026-05-19,곤제,승차,20,3,5,3,0,20,18,306,480,98,85,91,86,92,97,92,97,20,232,177,18,21,19,18
2026-05-19,곤제,하차,19,5,1,4,2,18,21,158,220,94,90,83,92,82,90,91,87,20,531,292,20,21,18,21
2026-05-19,어룡,승차,43,4,2,0,1,42,39,604,966,189,192,171,194,192,191,167,189,36,465,350,40,43,39,43
2026-05-19,어룡,하차,36,3,0,1,2,42,42,271,490,175,164,185,164,184,164,188,163,39,916,636,37,40,39,39
2026-05-19,송산,승차,37,1,2,3,4,38,37,677,940,167,176,193,186,183,174,181,165,42,470,372,43,43,43,40
2026-05-19,송산,하차,43,2,4,2,1,37,39,275,416,195,174,195,169,194,176,178,195,39,922,681,43,41,36,37
2026-05-19,탑석,승차,58,3,4,2,3,60,65,950,1336,267,291,272,259,274,282,252,274,54,724,503,54,63,59,57
2026-05-19,탑석,하차,54,5,0,4,1,64,62,449,676,292,247,288,277,290,291,274,287,55,1379,933,65,56,60,62
2026-05-20,발곡,승차,39,4,3,1,4,37,36,651,958,197,176,174,182,178,188,179,187,40,462,343,43,36,39,36
2026-05-20,발곡,하차,42,3,1,0,0,39,37,309,420,170,174,186,165,176,193,175,189,40,969,571,38,40,41,40
2026-05-20,회룡,승차,147,4,4,3,0,141,140,2357,3148,645,635,665,676,687,582,682,674,148,1717,1271,132,149,138,146
2026-05-20,회룡,하차,146,2,2,2,4,140,143,1080,1506,623,635,624,669,682,654,622,611,131,3701,2127,136,131,147,144
2026-05-20,범골,승차,36,2,0,0,5,43,39,654,928,167,184,194,180,187,167,192,173,40,449,367,42,40,41,36
2026-05-20,범골,하차,41,1,5,0,2,42,39,313,434,178,163,186,168,194,168,188,192,38,917,622,39,39,37,42
2026-05-20,경전철의정부,승차,40,1,1,5,2,42,42,613,1033,181,194,182,165,176,171,186,194,37,473,365,43,37,43,39
2026-05-20,경전철의정부,하차,43,4,5,4,5,38,37,329,450,182,176,175,196,179,171,175,192,38,1001,651,42,38,38,36
2026-05-20,의정부시청,승차,57,5,4,0,4,59,54,979,1483,274,257,245,288,254,259,260,267,57,651,483,62,58,64,63
2026-05-20,의정부시청,하차,59,4,3,2,4,57,64,467,694,248,294,285,244,262,267,276,294,55,1496,924,54,62,55,59
2026-05-20,흥선,승차,38,4,2,1,4,42,42,640,866,173,189,180,190,178,177,172,168,39,435,338,41,41,40,38
2026-05-20,흥선,하차,40,2,4,4,4,43,43,318,443,173,166,192,193,163,190,175,170,41,927,676,37,43,43,42
2026-05-20,의정부중앙,승차,42,0,2,0,5,41,40,608,874,172,192,180,175,183,197,179,179,42,494,330,39,41,39,43
2026-05-20,의정부중앙,하차,41,0,4,5,2,38,43,274,424,191,187,191,165,166,192,166,183,43,1008,635,40,36,41,43
2026-05-20,동오,승차,40,3,5,2,1,42,39,676,981,168,168,174,178,171,197,182,171,37,418,354,36,37,36,42
2026-05-20,동오,하차,42,3,4,0,4,42,41,327,463,168,178,169,177,187,169,182,182,37,1046,561,37,37,43,43
2026-05-20,새말,승차,37,1,5,2,4,36,38,656,882,194,173,175,196,190,192,181,173,43,429,323,41,39,41,39
2026-05-20,새말,하차,37,1,4,2,3,40,41,280,445,191,192,177,168,168,164,163,170,43,973,623,39,36,39,43
2026-05-20,경기도청북부청사,승차,57,4,4,1,5,63,55,1032,1395,285,289,272,252,290,257,272,275,65,726,526,60,60,58,56
2026-05-20,경기도청북부청사,하차,62,2,2,5,0,63,65,476,717,245,243,295,255,263,247,273,285,57,1458,901,64,65,64,60
2026-05-20,효자,승차,21,1,1,5,5,19,18,312,472,92,94,84,92,84,81,88,89,18,229,160,21,18,18,18
2026-05-20,효자,하차,18,0,5,3,5,18,18,158,232,83,87,82,97,81,92,81,83,19,513,311,19,18,21,20
2026-05-20,곤제,승차,18,1,2,0,3,20,20,312,476,83,95,84,82,81,91,88,90,21,241,177,19,18,20,19
2026-05-20,곤제,하차,18,1,2,2,0,21,20,135,244,93,91,87,95,91,95,94,85,19,454,290,21,20,20,19
2026-05-20,어룡,승차,42,0,0,1,3,43,39,632,885,170,179,164,183,164,187,196,177,42,407,330,37,38,41,43
2026-05-20,어룡,하차,38,1,5,0,5,42,36,273,406,175,194,196,182,189,178,177,190,40,954,631,42,38,38,42
2026-05-20,송산,승차,43,0,2,0,4,36,36,686,878,169,191,188,176,170,178,171,195,39,443,317,36,36,41,38
2026-05-20,송산,하차,36,5,2,3,4,36,39,284,446,170,164,163,193,175,181,171,172,42,916,645,36,40,37,40
2026-05-20,탑석,승차,60,3,4,0,4,54,56,1008,1531,253,264,287,292,266,256,266,264,63,618,533,60,63,62,59
2026-05-20,탑석,하차,54,3,0,2,0,63,63,409,686,278,249,256,244,278,274,272,293,54,1533,977,64,61,57,54
2026-05-21,발곡,승차,37,0,1,4,0,42,38,692,1011,195,176,183,197,184,185,169,183,41,478,341,40,38,39,39
2026-05-21,발곡,하차,36,2,3,2,1,42,39,282,466,180,183,172,182,166,183,191,164,42,933,667,42,43,37,37
2026-05-21,회룡,승차,127,4,0,0,5,144,126,2412,3409,578,684,685,685,667,596,653,661,142,1605,1319,147,138,130,129
2026-05-21,회룡,하차,153,5,4,2,4,126,148,959,1589,617,599,634,587,582,686,678,632,146,3246,2379,153,136,152,141
2026-05-21,범골,승차,36,4,3,5,1,42,39,596,968,165,185,165,167,194,186,183,190,40,443,378,37,41,39,43
2026-05-21,범골,하차,41,5,2,2,0,38,42,317,443,174,163,194,185,168,172,194,186,40,947,604,36,43,40,42
2026-05-21,경전철의정부,승차,41,1,0,3,2,42,39,656,991,195,177,171,180,167,177,167,174,39,419,380,40,37,41,38
2026-05-21,경전철의정부,하차,40,4,1,3,4,37,36,296,493,176,167,197,180,183,164,162,191,36,896,681,36,43,43,37
2026-05-21,의정부시청,승차,61,5,1,0,3,62,64,944,1562,245,256,273,248,260,287,244,251,64,645,504,55,55,55,57
2026-05-21,의정부시청,하차,54,2,4,0,5,59,64,472,711,249,256,272,283,277,272,294,282,64,1458,939,55,54,57,60
2026-05-21,흥선,승차,43,2,3,2,4,41,40,703,987,182,187,181,173,180,182,186,193,38,457,383,42,36,36,37
2026-05-21,흥선,하차,40,5,2,3,0,38,36,274,466,164,191,181,189,191,169,173,176,41,906,621,38,38,36,39
2026-05-21,의정부중앙,승차,36,5,1,4,0,38,39,633,1019,190,188,182,177,179,163,190,171,36,476,336,39,38,42,38
2026-05-21,의정부중앙,하차,43,2,1,4,0,39,37,316,428,176,175,166,184,189,174,172,165,41,1000,601,43,36,43,39
2026-05-21,동오,승차,42,1,3,3,3,38,37,626,867,162,164,172,197,165,194,192,191,38,476,359,43,36,43,40
2026-05-21,동오,하차,36,3,3,1,0,37,40,326,444,190,162,190,178,197,176,171,167,42,896,648,43,36,40,37
2026-05-21,새말,승차,42,1,5,3,4,36,40,711,975,175,171,180,173,166,182,189,180,43,437,367,43,36,41,39
2026-05-21,새말,하차,38,5,5,1,0,36,43,279,469,178,189,184,188,197,186,184,191,36,967,653,42,37,38,41
2026-05-21,경기도청북부청사,승차,62,0,4,5,0,64,58,879,1437,286,246,285,294,287,256,281,253,58,741,575,57,60,63,57
2026-05-21,경기도청북부청사,하차,64,1,0,5,5,55,54,483,666,270,270,246,265,296,258,256,279,58,1399,846,60,63,64,62
2026-05-21,효자,승차,19,3,4,5,5,20,18,331,441,89,90,92,96,94,95,91,88,20,225,162,21,20,18,21
2026-05-21,효자,하차,19,1,0,3,2,19,18,137,235,91,94,87,85,85,97,95,92,20,456,293,20,18,21,21
2026-05-21,곤제,승차,20,3,1,4,1,20,20,295,482,97,84,83,95,81,85,97,81,20,219,172,18,21,20,20
2026-05-21,곤제,하차,20,5,3,4,2,18,19,137,205,94,97,86,86,85,97,91,94,21,468,327,21,20,18,19
2026-05-21,어룡,승차,39,2,0,1,0,39,42,704,855,191,172,173,188,175,192,173,194,36,443,377,39,38,36,43
2026-05-21,어룡,하차,39,0,5,1,0,42,40,276,460,195,183,189,178,180,162,189,189,39,989,594,37,40,40,40
2026-05-21,송산,승차,37,0,4,4,5,40,39,714,980,179,184,175,175,183,168,178,164,39,438,363,37,36,36,39
2026-05-21,송산,하차,41,3,5,4,1,39,38,274,481,189,197,182,195,195,190,175,180,43,905,618,38,36,41,39
2026-05-21,탑석,승차,58,0,5,5,2,55,62,956,1321,257,251,275,268,270,247,245,281,65,726,548,58,64,55,60
2026-05-21,탑석,하차,62,0,4,4,2,59,54,456,734,245,277,254,281,261,257,245,252,63,1404,997,65,60,65,61
2026-05-22,발곡,승차,43,2,0,5,4,37,41,678,900,166,177,176,195,195,190,175,179,36,436,354,41,43,36,40
2026-05-22,발곡,하차,43,3,0,5,1,39,41,272,437,196,193,177,191,166,163,178,191,40,1015,558,39,43,42,41
2026-05-22,회룡,승차,150,2,2,1,1,148,140,2235,3361,593,675,610,641,602,626,581,672,128,1614,1279,151,153,131,134
2026-05-22,회룡,하차,141,5,0,0,4,144,137,1088,1439,679,593,678,666,612,599,663,670,135,3717,2135,127,150,153,138
2026-05-22,범골,승차,41,4,5,2,4,37,38,607,1007,175,197,194,196,172,194,181,173,36,478,379,41,39,39,38
2026-05-22,범골,하차,36,1,1,0,4,43,43,289,408,184,173,162,197,165,170,196,197,39,981,606,40,41,37,42
2026-05-22,경전철의정부,승차,41,3,5,5,5,40,43,625,1029,171,195,186,197,194,186,168,194,42,486,340,43,36,42,42
2026-05-22,경전철의정부,하차,41,2,1,1,2,43,41,311,428,184,184,163,172,196,179,189,187,42,972,626,43,41,40,38
2026-05-22,의정부시청,승차,54,0,3,5,2,63,54,1012,1447,243,261,293,290,266,270,280,284,54,680,538,64,65,65,58
2026-05-22,의정부시청,하차,61,4,1,5,1,54,58,407,662,269,293,243,244,273,293,292,272,54,1436,918,57,63,64,65
2026-05-22,흥선,승차,40,1,1,4,2,40,43,633,897,162,179,175,192,167,173,169,184,42,411,329,39,38,43,37
2026-05-22,흥선,하차,36,1,5,4,1,37,37,289,413,162,190,182,185,194,192,163,170,41,1069,626,39,38,36,43
2026-05-22,의정부중앙,승차,36,3,1,0,5,38,43,703,918,193,182,190,181,173,182,168,168,41,474,336,39,37,42,39
2026-05-22,의정부중앙,하차,42,0,1,2,0,38,43,323,467,166,194,166,190,192,170,189,162,37,1019,578,41,40,41,36
2026-05-22,동오,승차,43,0,3,5,0,39,42,650,895,175,181,164,183,173,188,186,178,41,413,353,36,36,43,38
2026-05-22,동오,하차,37,5,1,3,1,40,40,323,477,171,196,173,163,165,180,168,189,37,892,626,40,40,41,42
2026-05-22,새말,승차,37,1,0,3,5,37,37,682,954,165,177,196,174,183,169,162,166,41,406,317,37,36,43,41
2026-05-22,새말,하차,37,5,2,1,0,37,41,272,474,166,165,174,163,171,169,186,191,38,1037,586,42,39,38,43
2026-05-22,경기도청북부청사,승차,55,1,5,1,0,58,64,1011,1494,268,263,275,289,251,283,271,249,63,643,560,62,63,54,58
2026-05-22,경기도청북부청사,하차,55,1,3,4,3,60,58,480,721,292,267,283,291,263,280,293,247,60,1438,904,57,57,63,57
2026-05-22,효자,승차,20,3,1,4,5,18,19,293,488,87,89,83,84,83,96,83,86,18,212,171,18,21,19,20
2026-05-22,효자,하차,20,1,4,5,0,20,19,164,245,92,94,97,83,85,86,95,82,20,507,295,18,19,18,18
2026-05-22,곤제,승차,21,3,1,5,4,18,18,354,517,81,93,82,93,87,93,89,81,21,214,187,21,19,20,20
2026-05-22,곤제,하차,19,3,5,2,5,19,18,164,222,91,98,85,87,94,94,87,95,19,529,286,18,19,18,20
2026-05-22,어룡,승차,36,4,2,2,3,40,38,707,964,176,192,168,192,170,178,197,166,38,469,384,38,39,43,38
2026-05-22,어룡,하차,43,5,1,1,0,38,38,288,469,164,182,169,189,170,196,186,162,40,1016,573,43,42,43,37
2026-05-22,송산,승차,36,4,4,1,5,38,43,641,1027,190,171,192,185,186,163,179,185,37,463,372,36,40,42,43
2026-05-22,송산,하차,42,3,1,3,3,37,39,276,486,185,163,189,187,191,191,195,164,43,954,638,41,36,36,37
2026-05-22,탑석,승차,64,1,1,5,1,55,54,936,1558,280,249,292,284,271,276,247,296,64,634,493,61,58,55,63
2026-05-22,탑석,하차,56,4,4,3,2,55,58,460,719,289,279,292,251,251,280,286,255,61,1585,949,56,57,64,62
2026-05-23,발곡,승차,31,1,1,3,4,29,27,29,216,202,198,350,342,349,382,368,371,373,187,181,180,27,29,29
2026-05-23,발곡,하차,32,4,4,5,5,27,32,30,213,197,208,333,375,369,348,337,367,324,188,218,188,31,27,32
2026-05-23,회룡,승차,113,5,4,1,5,112,106,109,723,725,750,1146,1337,1201,1194,1303,1253,1345,659,721,756,99,113,111
2026-05-23,회룡,하차,104,0,0,2,3,100,111,94,723,662,708,1177,1132,1240,1138,1320,1120,1292,654,722,701,100,102,106
2026-05-23,범골,승차,31,3,5,3,2,28,27,28,205,182,183,383,333,320,368,362,338,334,202,206,203,29,32,30
2026-05-23,범골,하차,29,1,0,0,3,32,30,27,214,199,185,361,325,320,329,332,365,378,204,198,202,29,27,32
2026-05-23,경전철의정부,승차,29,3,3,4,1,27,30,31,181,218,207,382,352,348,353,339,373,380,217,207,216,31,28,27
2026-05-23,경전철의정부,하차,27,2,0,5,4,30,28,27,181,184,182,373,369,349,341,384,354,346,216,199,208,27,29,30
2026-05-23,의정부시청,승차,44,5,3,4,3,48,48,41,318,293,290,545,476,562,475,515,509,545,298,272,314,49,45,46
2026-05-23,의정부시청,하차,49,0,4,1,3,42,42,46,305,313,280,509,489,489,515,494,503,576,321,306,324,46,45,45
2026-05-23,흥선,승차,29,2,3,2,2,31,28,28,182,215,204,342,379,356,367,331,364,375,191,198,189,32,32,28
2026-05-23,흥선,하차,30,5,1,0,4,29,30,29,217,219,206,352,368,351,375,333,332,322,180,215,202,27,31,27
2026-05-23,의정부중앙,승차,29,2,4,2,3,29,29,30,214,185,189,318,334,345,336,380,325,357,202,212,185,31,29,27
2026-05-23,의정부중앙,하차,27,3,3,4,3,28,30,30,213,218,202,345,371,379,357,381,333,340,191,190,193,29,27,28
2026-05-23,동오,승차,30,1,1,3,5,31,27,28,192,191,190,329,322,336,361,364,344,366,206,206,211,30,27,30
2026-05-23,동오,하차,32,2,1,2,4,32,27,31,183,206,199,377,319,333,384,336,373,319,189,211,213,32,27,31
2026-05-23,새말,승차,30,3,3,5,1,28,27,32,204,189,185,324,343,384,330,376,331,330,190,198,182,31,31,29
2026-05-23,새말,하차,29,0,3,3,2,31,28,32,182,191,194,318,380,327,331,355,368,372,186,181,190,32,31,27
2026-05-23,경기도청북부청사,승차,45,4,0,5,1,46,41,40,292,296,322,515,559,541,529,549,573,559,298,308,299,47,44,46
2026-05-23,경기도청북부청사,하차,47,1,0,5,4,48,44,47,298,278,300,570,491,505,476,572,554,508,293,302,312,48,47,41
2026-05-23,효자,승차,14,1,0,0,0,16,13,14,100,94,96,181,172,189,178,180,188,188,99,90,106,14,13,15
2026-05-23,효자,하차,14,0,4,5,4,14,16,15,99,93,92,174,171,166,165,173,163,170,95,92,97,14,14,15
2026-05-23,곤제,승차,15,1,5,5,1,14,14,14,107,106,96,186,174,178,189,157,173,185,90,97,103,15,15,13
2026-05-23,곤제,하차,15,5,2,1,5,15,13,16,104,98,95,173,174,168,163,189,177,158,91,97,100,13,15,13
2026-05-23,어룡,승차,29,1,2,2,3,28,27,28,210,208,196,345,347,365,325,343,372,365,206,218,181,29,29,28
2026-05-23,어룡,하차,30,4,1,0,4,31,27,28,201,214,208,325,372,320,374,321,373,369,194,191,206,32,31,30
2026-05-23,송산,승차,32,4,3,0,4,27,28,30,182,192,192,324,373,315,370,327,379,379,199,205,199,31,30,31
2026-05-23,송산,하차,32,2,3,5,3,31,28,30,184,185,217,371,327,328,316,363,318,326,190,188,218,28,29,30
2026-05-23,탑석,승차,48,5,0,4,3,45,45,46,304,301,309,526,493,549,474,495,517,515,314,314,312,41,43,42
2026-05-23,탑석,하차,41,4,0,5,1,42,48,48,302,270,291,544,569,560,537,541,531,536,273,293,311,41,44,44
2026-05-24,발곡,승차,20,4,1,4,3,22,23,20,153,141,151,252,258,271,275,272,264,265,134,142,136,21,23,19
2026-05-24,발곡,하차,23,5,1,1,1,19,21,21,157,139,134,263,263,229,250,262,265,274,130,157,143,21,22,21
2026-05-24,회룡,승차,77,4,5,4,5,80,71,69,466,514,550,814,955,916,855,898,896,887,478,523,488,75,79,68
2026-05-24,회룡,하차,78,5,2,3,1,77,73,80,467,498,484,883,893,961,854,833,841,870,517,530,528,81,76,77
2026-05-24,범골,승차,21,1,3,2,3,21,21,19,129,152,142,261,251,254,261,269,241,240,157,135,147,21,20,21
2026-05-24,범골,하차,20,4,2,5,4,19,21,22,144,137,138,266,235,259,267,270,243,235,153,158,134,20,21,21
2026-05-24,경전철의정부,승차,20,0,4,4,2,21,22,19,154,146,135,260,228,251,260,254,238,256,143,153,151,19,20,23
2026-05-24,경전철의정부,하차,20,3,0,1,2,22,22,21,146,154,146,259,227,275,244,241,254,265,135,142,145,23,23,21
2026-05-24,의정부시청,승차,32,3,0,4,3,34,34,29,221,203,210,392,343,360,362,411,359,385,234,211,206,31,31,35
2026-05-24,의정부시청,하차,31,1,0,1,2,33,31,32,208,212,202,411,353,386,365,356,388,390,213,195,215,32,31,32
2026-05-24,흥선,승차,22,4,3,0,1,21,20,21,131,133,139,244,231,262,270,256,226,239,133,134,132,23,23,22
2026-05-24,흥선,하차,20,1,3,3,4,22,22,22,145,150,138,243,235,260,235,269,233,270,132,132,144,21,22,21
2026-05-24,의정부중앙,승차,19,4,0,4,3,21,20,20,140,135,151,241,270,263,269,241,268,269,133,146,149,23,21,20
2026-05-24,의정부중앙,하차,23,0,3,0,0,21,21,23,131,135,153,253,257,235,273,252,252,271,152,145,139,20,21,20
2026-05-24,동오,승차,20,1,0,0,2,21,23,20,139,136,152,266,229,252,270,244,261,236,137,140,132,21,22,23
2026-05-24,동오,하차,21,0,1,3,4,21,23,22,141,157,139,257,255,266,261,232,253,254,143,146,144,20,23,22
2026-05-24,새말,승차,20,4,5,2,2,21,22,21,144,147,156,269,257,249,245,235,272,245,151,143,147,21,22,19
2026-05-24,새말,하차,21,4,1,5,5,21,22,22,147,131,133,253,236,257,270,272,250,273,151,144,155,20,20,19
2026-05-24,경기도청북부청사,승차,30,3,1,3,0,29,33,33,203,216,226,404,348,346,358,414,377,380,206,233,219,34,29,34
2026-05-24,경기도청북부청사,하차,33,5,1,3,0,31,30,34,234,219,203,399,346,402,363,378,396,397,214,226,227,33,30,33
2026-05-24,효자,승차,9,0,4,1,4,9,10,10,66,77,69,119,124,127,130,121,126,115,72,66,68,9,10,10
2026-05-24,효자,하차,10,2,4,3,1,11,9,11,72,73,72,118,119,128,131,129,127,137,78,76,70,10,11,10
2026-05-24,곤제,승차,10,3,1,4,2,11,9,10,68,78,73,130,134,136,125,117,114,117,73,79,74,10,10,10
2026-05-24,곤제,하차,10,2,5,0,0,11,11,11,69,77,69,135,129,120,134,114,122,116,67,72,64,10,10,10
2026-05-24,어룡,승차,21,1,4,2,5,20,19,22,136,138,135,227,247,266,247,247,261,270,148,147,157,23,21,20
2026-05-24,어룡,하차,21,4,2,2,5,20,23,20,151,142,153,233,240,236,259,248,254,255,133,132,140,23,20,22
2026-05-24,송산,승차,23,1,4,4,4,21,22,20,144,150,135,241,250,227,239,238,227,227,155,156,139,21,22,21
2026-05-24,송산,하차,19,3,2,0,0,22,20,23,155,147,150,244,250,227,265,230,229,261,149,153,137,21,20,21
2026-05-24,탑석,승차,34,5,4,4,5,35,30,30,235,195,225,382,351,369,359,410,370,354,210,237,230,34,30,29
2026-05-24,탑석,하차,34,5,3,4,0,29,31,32,198,210,196,341,381,374,389,344,410,399,195,208,228,31,34,33
2026-05-25,발곡,승차,27,3,4,2,4,28,27,29,185,218,202,315,370,330,347,328,369,360,186,183,188,31,30,31
2026-05-25,발곡,하차,29,3,1,2,5,31,31,31,219,184,186,371,382,348,315,332,332,318,219,213,210,28,31,32
2026-05-25,회룡,승차,98,5,1,1,2,110,97,109,761,732,711,1177,1304,1297,1218,1146,1253,1153,655,719,679,96,113,104
2026-05-25,회룡,하차,96,2,0,5,2,111,102,105,645,635,644,1243,1129,1336,1234,1328,1124,1299,705,686,736,100,107,105
2026-05-25,범골,승차,29,3,4,1,3,32,32,30,190,198,180,367,345,361,383,383,322,317,191,213,185,29,27,29
2026-05-25,범골,하차,31,1,5,1,1,28,28,29,197,218,200,323,355,351,337,345,325,374,186,219,187,31,31,31
2026-05-25,경전철의정부,승차,32,2,1,0,0,30,29,31,209,219,198,356,357,315,351,368,354,321,190,196,180,30,32,27
2026-05-25,경전철의정부,하차,30,1,1,1,5,31,31,32,203,198,208,318,315,370,338,353,373,320,214,216,197,32,29,27
2026-05-25,의정부시청,승차,40,4,5,3,0,47,42,44,325,301,275,482,535,540,545,507,487,532,318,279,271,46,47,46
2026-05-25,의정부시청,하차,41,1,3,2,4,45,42,45,312,321,295,488,478,478,486,565,548,557,312,302,275,45,48,46
2026-05-25,흥선,승차,30,2,1,3,4,29,32,29,207,216,198,370,340,382,343,326,380,339,198,180,183,30,32,30
2026-05-25,흥선,하차,27,0,5,0,5,32,29,27,206,215,184,317,347,327,318,344,316,320,202,200,198,27,31,31
2026-05-25,의정부중앙,승차,28,1,5,2,0,30,28,30,194,199,197,367,330,372,377,378,367,336,209,218,192,28,27,29
2026-05-25,의정부중앙,하차,32,2,0,0,0,29,31,31,219,218,192,374,333,339,382,320,384,352,186,192,184,31,31,31
2026-05-25,동오,승차,28,0,3,3,5,31,32,32,191,183,217,376,376,343,353,350,374,370,191,198,183,27,27,28
2026-05-25,동오,하차,27,0,2,3,1,27,28,28,188,182,209,376,367,353,381,325,338,359,213,204,210,27,28,31
2026-05-25,새말,승차,27,5,2,0,0,31,30,31,201,183,185,332,375,345,336,338,356,335,214,200,187,27,30,30
2026-05-25,새말,하차,29,3,0,0,0,28,27,32,192,206,191,371,328,375,323,343,336,367,201,180,217,29,27,31
2026-05-25,경기도청북부청사,승차,48,0,0,1,3,45,45,45,327,274,318,475,473,503,570,557,497,551,299,275,319,47,45,40
2026-05-25,경기도청북부청사,하차,47,3,1,2,4,49,49,46,285,304,287,575,521,527,563,569,538,480,327,290,290,41,41,44
2026-05-25,효자,승차,13,3,0,3,0,15,14,16,92,90,103,161,179,191,162,188,181,188,101,109,95,14,13,14
2026-05-25,효자,하차,14,3,4,0,2,15,15,15,97,97,107,175,158,180,180,167,185,162,107,109,93,15,14,13
2026-05-25,곤제,승차,16,3,3,5,3,15,15,14,98,103,94,187,189,170,183,188,162,168,104,106,107,15,14,13
2026-05-25,곤제,하차,16,2,5,2,1,14,14,15,92,100,94,162,176,167,159,158,168,161,98,106,91,13,16,13
2026-05-25,어룡,승차,27,3,2,5,3,31,29,31,189,214,204,338,336,321,315,316,323,368,216,196,210,27,30,31
2026-05-25,어룡,하차,31,0,1,2,0,27,31,32,216,193,183,331,341,354,350,338,333,341,217,181,206,30,27,31
2026-05-25,송산,승차,27,2,5,2,3,31,29,27,182,184,198,319,350,323,341,333,360,352,205,189,206,27,27,28
2026-05-25,송산,하차,32,1,2,2,2,31,31,29,186,186,190,367,362,343,325,346,353,373,219,197,197,27,29,32
2026-05-25,탑석,승차,46,0,5,2,4,49,44,44,278,306,283,528,548,560,536,515,543,475,285,325,301,44,46,42
2026-05-25,탑석,하차,46,1,2,5,4,47,44,45,314,327,289,562,517,499,473,492,541,506,297,314,300,48,44,43
2026-05-26,발곡,승차,38,0,0,4,1,39,42,682,879,188,168,187,168,185,179,165,164,39,438,377,39,36,39,39
2026-05-26,발곡,하차,36,4,2,2,3,40,37,292,489,192,196,162,183,191,168,194,188,43,1074,656,36,43,43,37
2026-05-26,회룡,승차,137,0,4,0,0,151,148,2084,3606,623,665,678,653,685,603,591,590,149,1475,1327,136,132,129,148
2026-05-26,회룡,하차,130,3,1,0,4,126,137,1140,1499,586,611,658,670,636,580,643,660,132,3403,2021,147,131,150,130
2026-05-26,범골,승차,40,1,0,4,0,37,39,639,930,173,168,193,181,172,197,183,171,41,457,316,41,40,40,38
2026-05-26,범골,하차,36,2,0,4,5,43,40,320,420,163,168,164,175,191,172,191,184,38,988,671,40,37,37,43
2026-05-26,경전철의정부,승차,37,1,0,2,2,38,43,599,1023,170,174,173,187,194,170,176,180,40,455,363,37,37,42,37
2026-05-26,경전철의정부,하차,37,3,4,0,0,38,41,302,463,166,191,190,189,165,193,164,190,42,958,670,40,40,43,36
2026-05-26,의정부시청,승차,56,1,3,2,0,64,58,993,1529,277,273,291,261,296,248,250,264,54,638,523,56,58,65,64
2026-05-26,의정부시청,하차,57,5,5,2,1,62,64,443,668,284,244,273,251,283,271,257,290,57,1379,968,54,62,64,58
2026-05-26,흥선,승차,38,5,0,0,5,42,40,642,1029,178,167,178,197,175,188,192,167,36,454,364,38,42,38,43
2026-05-26,흥선,하차,42,5,0,4,0,39,41,319,422,169,170,168,183,182,174,174,184,36,948,646,41,43,38,43
2026-05-26,의정부중앙,승차,38,2,4,5,2,41,41,647,931,168,188,171,179,185,190,175,195,42,462,337,38,42,39,40
2026-05-26,의정부중앙,하차,37,0,4,5,5,39,42,329,445,181,168,189,193,185,165,196,190,37,935,593,40,40,42,40
2026-05-26,동오,승차,41,5,1,0,2,42,36,660,936,168,179,172,163,187,184,163,189,40,427,368,40,37,37,42
2026-05-26,동오,하차,36,1,0,3,4,37,39,272,440,176,195,188,191,163,197,193,176,37,985,674,36,40,37,37
2026-05-26,새말,승차,38,3,1,1,1,42,36,668,1005,171,187,196,172,195,187,176,171,42,415,367,39,39,41,39
2026-05-26,새말,하차,38,0,5,2,1,40,36,286,443,164,173,174,180,177,197,192,179,40,919,595,37,43,38,37
2026-05-26,경기도청북부청사,승차,57,0,1,2,2,63,60,953,1355,273,296,251,290,284,262,255,288,55,683,476,62,56,60,62
2026-05-26,경기도청북부청사,하차,57,0,1,2,2,59,65,420,660,258,260,274,243,286,274,254,271,57,1448,893,64,61,62,57
2026-05-26,효자,승차,19,4,1,3,0,20,19,334,508,96,85,88,89,93,87,85,90,21,245,159,20,21,18,19
2026-05-26,효자,하차,20,0,1,5,0,18,20,145,233,92,96,87,86,85,88,96,81,21,463,294,19,19,20,18
2026-05-26,곤제,승차,19,5,3,0,1,18,18,319,508,97,92,94,92,94,89,92,88,18,236,181,21,18,19,18
2026-05-26,곤제,하차,19,1,5,4,3,18,21,158,231,96,96,92,91,83,83,89,85,21,482,322,18,21,20,19
2026-05-26,어룡,승차,39,0,3,4,5,43,36,609,1008,182,189,180,184,186,182,181,167,36,418,364,43,42,42,37
2026-05-26,어룡,하차,36,0,2,1,2,37,37,311,453,196,170,193,186,170,173,186,185,41,904,602,40,43,39,43
2026-05-26,송산,승차,40,2,3,2,4,40,43,620,961,180,189,185,170,163,167,193,186,41,446,352,39,40,43,39
2026-05-26,송산,하차,39,5,0,5,0,36,41,285,474,195,185,194,185,165,162,195,189,36,892,632,37,41,36,43
2026-05-26,탑석,승차,56,4,5,0,3,55,55,1061,1439,278,284,287,288,260,294,278,244,55,676,533,58,60,61,59
2026-05-26,탑석,하차,57,4,4,5,3,64,56,447,660,243,244,250,243,276,267,277,286,65,1446,962,64,57,56,63
2026-05-27,발곡,승차,39,5,4,3,0,37,41,623,980,185,172,185,175,176,162,165,195,43,446,332,37,43,40,39
2026-05-27,발곡,하차,42,1,5,0,2,37,38,320,485,173,174,170,189,171,189,187,191,42,1034,592,36,37,39,41
2026-05-27,회룡,승차,149,4,2,4,3,132,136,2474,3258,586,591,583,620,615,668,643,645,140,1506,1120,136,134,148,153
2026-05-27,회룡,하차,149,1,0,1,3,131,152,1063,1458,615,617,688,686,638,618,590,610,143,3491,2339,142,148,142,146
2026-05-27,범골,승차,42,1,4,3,3,41,39,609,1029,177,172,170,180,163,196,191,194,42,413,329,40,37,42,36
2026-05-27,범골,하차,43,0,0,0,5,41,43,278,460,188,164,190,188,185,192,193,188,40,924,572,37,42,39,37
2026-05-27,경전철의정부,승차,41,1,4,5,5,39,37,687,1033,166,194,173,196,185,164,168,174,37,456,348,39,40,42,40
2026-05-27,경전철의정부,하차,38,3,4,4,0,41,42,294,416,162,179,175,184,162,184,176,195,39,947,617,42,41,41,43
2026-05-27,의정부시청,승차,57,2,2,0,2,56,54,915,1470,260,264,243,269,269,277,246,296,58,637,481,60,61,65,55
2026-05-27,의정부시청,하차,58,4,0,4,1,59,56,470,716,288,259,288,258,275,285,269,244,62,1480,998,63,57,54,65
2026-05-27,흥선,승차,36,3,4,3,5,40,42,631,946,170,185,193,183,164,174,168,171,40,411,370,40,38,40,36
2026-05-27,흥선,하차,41,3,5,3,1,40,36,293,463,191,162,172,183,194,190,187,173,38,987,680,43,37,43,41
2026-05-27,의정부중앙,승차,37,4,1,3,5,41,37,633,1010,181,186,172,196,188,185,181,162,39,419,363,36,43,38,39
2026-05-27,의정부중앙,하차,40,5,5,1,1,40,39,285,406,194,194,189,192,179,180,196,182,43,890,578,43,41,40,40
2026-05-27,동오,승차,40,5,2,0,5,42,37,635,874,174,171,174,163,167,176,168,166,40,441,335,39,41,43,37
2026-05-27,동오,하차,38,3,3,2,2,38,41,327,410,181,194,189,195,194,164,189,172,41,1043,628,41,40,39,42
2026-05-27,새말,승차,42,1,1,5,3,43,38,711,881,175,188,172,166,179,181,178,169,39,441,338,42,39,36,39
2026-05-27,새말,하차,39,0,4,0,3,38,36,302,415,192,183,183,197,164,188,185,167,37,1001,600,41,42,39,38
2026-05-27,경기도청북부청사,승차,59,1,4,1,0,54,62,961,1320,295,261,286,269,258,260,286,296,61,626,505,62,65,57,57
2026-05-27,경기도청북부청사,하차,57,0,5,5,3,58,58,424,727,288,284,264,264,289,275,280,251,59,1468,895,58,54,65,58
2026-05-27,효자,승차,21,2,0,2,5,18,19,352,429,84,95,82,90,81,87,84,81,19,233,179,18,19,18,19
2026-05-27,효자,하차,19,0,1,0,4,19,19,142,234,98,94,87,82,95,93,98,89,18,511,286,21,18,20,20
2026-05-27,곤제,승차,20,5,5,1,3,21,20,305,458,91,85,93,89,90,81,93,81,18,213,183,19,19,20,20
2026-05-27,곤제,하차,18,5,1,4,3,18,18,159,233,91,89,95,83,91,96,86,81,21,531,298,21,21,21,21
2026-05-27,어룡,승차,39,4,2,3,4,43,37,678,1019,185,163,170,168,182,171,197,164,40,425,370,40,38,37,38
2026-05-27,어룡,하차,41,4,4,5,2,42,38,286,435,194,164,195,173,182,183,164,181,37,887,646,39,38,37,41
2026-05-27,송산,승차,37,5,1,3,3,37,43,638,992,187,163,176,195,188,163,190,162,40,409,341,36,40,37,40
2026-05-27,송산,하차,38,0,0,5,0,37,39,271,463,177,190,175,168,178,166,182,162,43,1044,559,36,41,37,40
2026-05-27,탑석,승차,65,3,2,5,4,59,57,972,1449,248,292,295,280,273,269,274,272,57,742,555,57,64,60,54
2026-05-27,탑석,하차,62,2,2,5,3,63,59,424,625,255,274,291,248,248,281,274,293,60,1514,959,64,57,57,65
2026-05-28,발곡,승차,37,5,5,5,1,37,37,661,955,194,195,172,191,195,167,176,178,40,449,374,42,40,43,37
2026-05-28,발곡,하차,39,5,2,2,4,36,41,329,422,188,182,175,173,188,182,181,193,38,886,642,40,41,40,40
2026-05-28,회룡,승차,148,5,0,3,3,148,127,2294,3374,584,577,617,567,619,611,607,623,140,1717,1183,144,140,137,135
2026-05-28,회룡,하차,147,2,1,3,0,127,140,1015,1665,619,633,583,653,612,619,611,607,130,3698,2326,133,147,142,139
2026-05-28,범골,승차,38,1,3,3,1,42,42,697,993,178,196,176,163,184,191,171,194,40,442,327,42,38,36,40
2026-05-28,범골,하차,40,4,2,1,4,36,42,308,479,179,179,192,191,182,179,192,174,37,934,584,39,38,36,38
2026-05-28,경전철의정부,승차,36,3,3,4,0,40,39,668,897,171,162,174,191,189,163,185,177,37,460,333,41,42,36,37
2026-05-28,경전철의정부,하차,36,4,1,2,0,39,42,279,425,182,177,178,172,177,175,175,196,41,895,669,41,43,41,41
2026-05-28,의정부시청,승차,56,5,4,5,3,62,63,931,1445,251,277,254,295,266,282,262,272,62,709,489,59,59,65,56
2026-05-28,의정부시청,하차,64,5,3,4,5,64,55,413,717,292,286,247,272,251,285,290,287,63,1488,914,60,64,65,65
2026-05-28,흥선,승차,37,1,3,4,4,36,37,607,944,191,164,187,190,197,173,171,190,40,462,318,43,38,39,39
2026-05-28,흥선,하차,38,5,3,2,4,36,42,321,453,186,192,188,178,164,182,173,183,40,941,621,40,41,39,39
2026-05-28,의정부중앙,승차,40,4,3,0,0,41,39,604,967,186,168,195,190,183,184,174,165,43,454,325,40,42,40,39
2026-05-28,의정부중앙,하차,41,4,0,3,3,39,42,327,408,166,178,166,179,167,181,175,183,37,935,645,41,42,41,40
2026-05-28,동오,승차,39,5,3,3,3,42,42,697,1044,168,174,178,190,177,188,189,192,41,484,322,38,41,41,42
2026-05-28,동오,하차,39,2,0,4,5,37,38,319,428,173,197,181,165,164,164,193,196,41,1019,651,43,43,42,42
2026-05-28,새말,승차,37,3,5,4,5,36,41,699,940,178,163,193,170,197,190,184,174,40,428,383,40,38,43,43
2026-05-28,새말,하차,42,3,0,1,4,38,37,299,464,193,174,196,175,187,167,194,186,41,927,621,43,42,37,36
2026-05-28,경기도청북부청사,승차,60,4,5,5,1,56,57,950,1565,263,272,276,256,256,266,264,294,64,647,555,64,62,58,62
2026-05-28,경기도청북부청사,하차,58,2,5,5,5,65,65,415,616,243,243,251,251,270,248,273,246,64,1407,1022,56,63,64,62
2026-05-28,효자,승차,19,5,4,3,2,18,21,330,495,83,88,92,98,98,94,81,83,21,231,191,20,20,20,19
2026-05-28,효자,하차,21,1,3,4,3,19,21,135,247,94,97,86,95,97,83,96,83,20,536,295,20,18,21,18
2026-05-28,곤제,승차,19,1,3,5,3,21,20,313,487,85,88,85,81,83,85,96,82,19,220,170,21,18,21,21
2026-05-28,곤제,하차,18,3,3,4,2,20,20,161,231,87,94,92,89,88,96,85,82,20,443,336,21,21,20,18
2026-05-28,어룡,승차,37,2,5,2,5,38,40,647,889,194,170,162,178,170,170,171,175,39,471,320,41,38,42,37
2026-05-28,어룡,하차,36,4,4,2,1,42,36,270,434,170,179,177,165,168,187,190,180,36,1023,624,43,36,37,36
2026-05-28,송산,승차,36,1,4,5,0,39,40,656,873,184,176,180,177,166,189,192,176,40,480,324,39,40,37,43
2026-05-28,송산,하차,41,2,5,3,1,37,37,300,483,197,186,174,187,186,194,166,172,36,938,577,39,39,36,36
2026-05-28,탑석,승차,57,1,3,1,5,60,55,1043,1361,244,260,289,274,252,252,263,250,54,737,550,63,64,55,56
2026-05-28,탑석,하차,60,4,1,2,3,65,55,424,640,275,261,289,279,260,254,253,264,63,1410,919,63,56,61,59
2026-05-29,발곡,승차,37,0,4,1,3,41,39,702,1010,171,182,184,174,184,191,174,192,36,466,384,43,39,42,40
2026-05-29,발곡,하차,36,3,2,5,4,43,39,276,447,197,169,176,182,175,172,177,197,38,1031,611,38,37,37,40
2026-05-29,회룡,승차,145,1,4,2,1,134,150,2369,3650,629,641,604,609,577,647,675,654,137,1479,1255,152,135,131,144
2026-05-29,회룡,하차,137,5,5,3,3,146,130,1063,1603,596,643,679,635,649,619,611,595,152,3144,2123,147,144,145,128
2026-05-29,범골,승차,37,1,3,5,0,43,38,664,1009,196,194,162,194,175,171,169,166,36,430,369,40,38,42,39
2026-05-29,범골,하차,38,1,5,5,3,37,42,305,446,188,183,191,184,172,169,191,171,42,897,640,37,39,43,41
2026-05-29,경전철의정부,승차,40,3,5,5,1,37,37,599,874,176,168,190,182,166,189,170,183,41,408,367,37,37,43,37
2026-05-29,경전철의정부,하차,43,3,1,2,0,38,42,302,467,165,164,164,177,183,163,197,194,36,960,678,40,41,41,36
2026-05-29,의정부시청,승차,54,5,1,0,4,63,59,958,1316,292,296,283,246,276,245,258,249,64,634,525,62,57,60,64
2026-05-29,의정부시청,하차,65,1,0,4,0,59,65,458,635,272,246,260,268,289,290,285,249,64,1553,855,62,65,63,65
2026-05-29,흥선,승차,38,0,4,5,0,36,42,644,975,173,194,195,164,195,169,177,192,38,439,375,37,36,40,43
2026-05-29,흥선,하차,36,2,0,3,4,43,37,308,415,172,163,187,164,174,173,176,185,43,918,566,40,42,38,43
2026-05-29,의정부중앙,승차,37,5,0,5,3,41,36,676,965,183,184,180,194,174,176,172,182,43,424,319,38,40,41,41
2026-05-29,의정부중앙,하차,39,5,1,4,1,42,37,308,412,167,176,189,175,175,171,193,179,41,898,664,41,38,42,36
2026-05-29,동오,승차,42,3,2,5,0,43,36,667,1009,176,183,186,197,190,165,166,167,39,420,350,36,38,42,37
2026-05-29,동오,하차,37,1,1,4,2,42,40,291,459,183,163,171,163,189,171,183,166,38,1035,645,43,38,36,42
2026-05-29,새말,승차,42,3,1,4,0,42,39,600,988,185,196,182,163,189,180,163,195,36,411,377,36,38,42,43
2026-05-29,새말,하차,37,2,1,4,0,43,38,298,441,178,188,184,181,168,185,186,195,37,957,651,39,43,41,43
2026-05-29,경기도청북부청사,승차,62,4,0,0,5,61,64,964,1547,291,287,264,274,260,260,260,261,59,657,532,62,54,63,56
2026-05-29,경기도청북부청사,하차,64,3,3,0,2,64,60,477,665,263,282,263,265,255,267,257,266,54,1440,863,58,65,59,60
2026-05-29,효자,승차,19,0,1,4,3,20,20,302,485,88,85,89,96,96,84,95,95,20,232,165,18,19,18,20
2026-05-29,효자,하차,21,3,2,2,3,20,19,145,223,96,91,81,84,89,95,81,85,19,447,340,18,20,20,19
2026-05-29,곤제,승차,20,1,2,1,1,18,18,346,484,88,97,93,91,88,82,86,83,18,208,168,19,20,21,21
2026-05-29,곤제,하차,19,1,3,3,0,19,21,159,236,98,83,85,83,81,90,97,87,18,445,284,20,18,18,18
2026-05-29,어룡,승차,38,4,4,0,1,41,41,640,926,168,174,187,186,187,164,188,174,40,405,346,43,42,37,36
2026-05-29,어룡,하차,42,1,1,3,3,39,42,316,430,175,177,172,170,162,188,184,196,38,1014,644,36,36,39,39
2026-05-29,송산,승차,43,2,1,5,3,36,36,659,960,191,185,179,163,185,190,184,167,37,465,342,41,41,39,39
2026-05-29,송산,하차,42,1,1,5,4,38,37,322,439,184,187,185,175,169,179,164,192,40,919,562,43,37,42,42
2026-05-29,탑석,승차,56,4,1,5,1,55,59,994,1461,288,263,254,295,283,271,256,269,60,715,524,58,54,65,64
2026-05-29,탑석,하차,65,0,2,0,2,55,59,431,665,289,290,290,262,286,269,296,260,58,1605,1006,59,64,62,57
2026-05-30,발곡,승차,31,3,3,4,1,28,31,28,194,184,192,358,337,382,355,382,344,341,217,214,185,31,32,31
2026-05-30,발곡,하차,31,5,4,5,0,30,30,28,207,190,185,324,322,345,369,340,315,325,187,215,198,32,31,32
2026-05-30,회룡,승차,108,2,3,3,1,102,112,100,721,694,658,1261,1232,1125,1213,1269,1334,1343,650,664,692,109,97,95
2026-05-30,회룡,하차,106,2,3,5,3,98,107,108,748,739,743,1206,1103,1119,1136,1296,1139,1303,747,754,730,105,105,100
2026-05-30,범골,승차,29,4,1,3,3,27,31,27,219,201,196,365,359,363,341,374,359,332,216,215,215,30,27,32
2026-05-30,범골,하차,32,5,0,1,2,31,27,30,188,181,206,377,315,322,338,342,348,370,201,207,208,27,32,28
2026-05-30,경전철의정부,승차,30,5,5,2,0,28,28,27,196,215,193,363,373,328,359,322,351,330,192,192,200,28,30,27
2026-05-30,경전철의정부,하차,32,2,3,3,0,27,32,27,215,211,206,343,357,363,360,329,364,345,184,200,195,32,30,29
2026-05-30,의정부시청,승차,41,3,4,4,1,41,41,48,313,321,289,575,494,492,509,529,534,516,296,278,292,43,42,42
2026-05-30,의정부시청,하차,46,4,1,5,3,48,46,43,272,310,302,500,517,530,535,494,558,554,270,317,290,41,47,42
2026-05-30,흥선,승차,31,4,1,0,5,31,27,27,200,217,197,382,315,353,372,380,315,379,216,185,208,27,29,31
2026-05-30,흥선,하차,30,1,3,5,0,27,31,28,192,207,199,350,342,315,357,315,378,325,181,185,214,27,28,28
2026-05-30,의정부중앙,승차,28,0,5,5,3,27,30,32,208,197,184,355,359,322,340,357,339,342,210,196,181,30,31,30
2026-05-30,의정부중앙,하차,28,2,4,1,2,32,32,29,208,187,198,329,363,323,321,320,333,383,208,198,194,28,31,29
2026-05-30,동오,승차,31,5,0,2,5,27,27,31,216,196,181,317,343,354,365,361,374,378,203,214,216,28,28,30
2026-05-30,동오,하차,31,0,0,3,0,31,29,32,208,216,219,342,334,373,371,316,329,380,217,207,212,29,29,31
2026-05-30,새말,승차,27,2,4,5,1,28,27,27,215,207,185,353,361,321,361,341,316,321,180,210,191,31,29,27
2026-05-30,새말,하차,32,0,5,1,3,32,32,29,208,213,188,315,378,318,317,318,372,356,182,197,184,27,32,32
2026-05-30,경기도청북부청사,승차,45,4,1,2,4,48,45,42,310,307,283,569,546,539,516,481,553,513,302,308,300,47,41,41
2026-05-30,경기도청북부청사,하차,46,2,4,3,2,47,48,48,324,283,329,563,481,575,543,571,543,550,270,306,299,42,44,45
2026-05-30,효자,승차,16,4,5,5,1,14,14,16,102,105,92,185,172,181,160,174,171,188,103,100,109,14,14,15
2026-05-30,효자,하차,16,0,5,5,3,14,13,14,98,100,103,157,181,164,180,160,171,186,93,101,102,15,15,16
2026-05-30,곤제,승차,13,4,2,0,2,15,14,13,96,102,99,167,176,164,176,191,176,168,108,108,108,14,15,13
2026-05-30,곤제,하차,16,3,1,1,2,16,14,13,100,91,92,191,175,158,188,170,159,182,93,95,104,14,16,15
2026-05-30,어룡,승차,32,3,5,0,4,28,27,31,185,205,182,350,373,317,334,355,382,343,205,193,219,27,32,29
2026-05-30,어룡,하차,28,4,1,0,3,30,27,27,190,186,195,364,324,364,355,340,347,370,205,219,207,28,32,31
2026-05-30,송산,승차,31,2,5,2,5,31,29,27,195,216,211,340,336,380,330,338,319,341,197,201,201,31,29,32
2026-05-30,송산,하차,28,2,2,1,2,30,32,30,214,213,188,383,373,351,331,317,361,347,194,198,216,32,28,27
2026-05-30,탑석,승차,48,4,5,2,5,44,45,43,302,291,315,555,506,478,576,475,490,500,297,313,270,44,43,48
2026-05-30,탑석,하차,47,4,3,5,1,48,45,42,317,290,307,544,497,569,479,486,531,509,291,310,311,46,43,43
2026-05-31,발곡,승차,30,0,2,0,3,30,31,31,207,212,210,358,373,338,320,365,378,322,189,194,181,32,28,29
2026-05-31,발곡,하차,32,1,5,1,2,27,27,29,188,187,208,339,335,381,333,367,383,370,212,205,203,28,27,30
2026-05-31,회룡,승차,113,2,5,3,3,97,98,112,688,657,691,1196,1346,1136,1123,1180,1219,1338,730,736,734,110,99,96
2026-05-31,회룡,하차,110,2,4,5,1,94,107,95,709,641,746,1161,1296,1160,1254,1184,1120,1284,761,673,634,101,107,106
2026-05-31,범골,승차,27,5,3,5,1,32,28,31,213,201,202,382,336,339,380,361,360,319,194,212,196,29,32,27
2026-05-31,범골,하차,28,0,1,2,3,28,30,27,193,203,209,359,328,320,374,329,335,345,204,189,211,32,31,32
2026-05-31,경전철의정부,승차,30,3,5,0,5,30,32,32,204,195,211,338,319,346,375,350,373,324,204,209,209,29,31,27
2026-05-31,경전철의정부,하차,27,3,0,3,3,29,29,31,194,202,207,349,345,335,374,366,373,320,214,182,190,27,31,28
2026-05-31,의정부시청,승차,41,5,1,4,1,47,43,43,273,305,300,520,514,497,554,501,535,547,282,294,311,46,43,41
2026-05-31,의정부시청,하차,46,3,0,1,5,41,42,40,315,276,284,511,483,505,488,482,528,529,291,284,271,45,42,47
2026-05-31,흥선,승차,32,4,5,3,1,30,31,31,205,208,219,366,357,347,350,364,360,344,187,181,194,27,31,27
2026-05-31,흥선,하차,27,0,3,4,0,31,31,32,192,187,198,352,320,322,369,367,358,370,192,190,194,30,27,29
2026-05-31,의정부중앙,승차,29,4,3,1,5,31,27,31,200,196,185,344,355,343,324,343,373,379,197,188,181,29,28,27
2026-05-31,의정부중앙,하차,30,3,0,1,5,32,31,28,195,182,191,342,341,349,329,330,335,362,182,198,211,31,28,31
2026-05-31,동오,승차,29,1,3,5,3,28,27,28,192,201,202,356,378,379,330,353,369,331,181,201,199,30,30,29
2026-05-31,동오,하차,28,2,1,1,5,32,30,30,186,217,195,356,334,318,333,341,380,325,183,201,186,30,28,27
2026-05-31,새말,승차,28,0,4,3,3,29,29,30,211,209,206,373,348,334,358,358,318,326,214,184,184,28,32,31
2026-05-31,새말,하차,32,5,4,0,0,29,29,30,207,218,208,343,332,384,329,321,356,383,194,194,212,31,31,27
2026-05-31,경기도청북부청사,승차,45,1,4,0,1,45,46,45,304,305,293,575,490,477,552,540,473,480,329,290,317,46,41,42
2026-05-31,경기도청북부청사,하차,49,0,1,4,2,42,40,48,288,306,273,522,489,510,503,526,507,496,311,324,319,42,45,45
2026-05-31,효자,승차,15,3,5,5,2,15,16,13,106,91,102,183,168,188,159,183,191,190,95,99,98,14,16,15
2026-05-31,효자,하차,16,3,0,3,4,14,14,15,104,101,96,160,171,184,178,157,184,173,97,103,96,16,13,15
2026-05-31,곤제,승차,15,4,1,5,5,15,16,15,99,102,107,169,190,189,172,175,159,164,109,99,108,14,14,13
2026-05-31,곤제,하차,14,2,5,2,1,15,15,16,91,102,107,186,165,185,171,189,163,165,96,108,91,15,15,14
2026-05-31,어룡,승차,28,4,2,5,5,28,31,31,180,204,197,339,377,321,361,351,361,383,196,190,204,30,27,29
2026-05-31,어룡,하차,28,5,1,2,5,27,32,32,207,204,200,372,341,320,378,369,316,328,195,204,187,30,32,27
2026-05-31,송산,승차,32,3,3,3,1,30,28,30,183,190,213,358,352,367,357,316,358,331,211,185,206,32,28,29
2026-05-31,송산,하차,31,1,1,2,4,30,32,28,198,184,218,351,345,357,366,350,369,340,191,191,209,28,32,32
2026-05-31,탑석,승차,45,3,2,0,2,41,47,45,324,301,307,511,501,575,522,538,473,532,318,306,327,43,42,45
2026-05-31,탑석,하차,48,2,3,4,0,40,45,45,286,303,326,494,501,502,549,540,542,526,296,296,302,45,44,44
