일자,역명,합계(승차),합계(하차),04시(승차),04시(하차),5시(승차),5시(하차),6시(승차),6시(하차),7시(승차),7시(하차),8시(승차),8시(하차),9시(승차),9시(하차),10시(승차),10시(하차),11시(승차),11시(하차),12시(승차),12시(하차),13시(승차),13시(하차),14시(승차),14시(하차),15시(승차),15시(하차),16시(승차),16시(하차),17시(승차),17시(하차),18시(승차),18시(하차),19시(승차),19시(하차),20시(승차),20시(하차),21시(승차),21시(하차),22시(승차),22시(하차),23시(승차),23시(하차),00시(승차),00시(하차),01시(승차),01시(하차)
2026-05-01,발곡,2814,2753,14,0,56,26,83,27,153,52,206,75,236,99,267,131,270,118,216,148,247,156,196,171,168,223,177,228,148,252,110,244,85,188,73,175,43,123,42,183,20,93,4,41,0,0
2026-05-01,회룡,9091,9318,4,2,50,177,112,267,235,456,279,764,336,904,375,943,386,867,486,796,502,735,552,613,654,548,838,522,770,439,778,368,642,306,522,213,578,154,523,145,357,82,112,17,0,0
2026-05-01,범골,2280,2144,5,0,45,25,67,25,111,35,165,74,196,90,219,93,207,109,203,131,195,143,169,144,109,164,130,179,144,172,111,165,78,149,53,131,29,119,26,105,13,64,5,27,0,0
2026-05-01,경전철의정부,2447,2921,3,0,30,18,41,42,53,48,46,131,85,168,78,206,93,241,154,295,142,284,201,223,200,235,226,224,178,209,253,193,175,126,177,97,113,74,105,47,77,46,17,14,0,0
2026-05-01,의정부시청,1072,1248,0,0,16,9,20,24,35,35,59,92,61,113,74,115,66,82,86,80,98,79,92,88,106,82,71,74,71,97,68,56,68,79,24,48,10,43,37,30,10,16,0,6,0,0
2026-05-01,흥선,1985,1859,1,0,53,18,56,35,88,36,153,60,192,85,155,93,159,92,163,99,131,103,130,104,102,141,123,145,138,141,141,141,70,123,44,103,45,119,29,132,10,68,2,21,0,0
2026-05-01,의정부중앙,3862,4009,3,0,32,33,43,71,67,94,98,146,149,240,213,291,221,330,325,390,274,382,321,324,351,358,356,300,298,291,290,223,229,170,226,119,172,104,102,82,78,42,14,19,0,0
2026-05-01,동오,2168,2098,6,0,29,18,50,42,94,50,141,73,179,90,194,87,184,94,190,140,164,114,126,110,136,154,112,200,123,188,91,195,90,146,93,113,57,90,66,100,34,74,9,20,0,0
2026-05-01,새말,1469,1310,8,1,24,13,52,14,69,21,106,34,133,46,141,39,125,39,122,71,115,76,99,95,68,90,101,114,80,116,87,107,38,110,27,78,25,82,30,67,16,74,3,23,0,0
2026-05-01,경기도청북부청사,2623,2589,1,0,23,27,37,58,49,135,78,104,220,189,181,172,170,172,204,216,218,164,204,185,228,173,192,163,203,181,180,176,140,116,108,123,84,104,72,69,26,46,5,16,0,0
2026-05-01,효자,772,728,5,1,7,9,20,9,23,15,51,25,75,22,81,39,59,37,73,40,47,49,48,49,48,58,59,53,61,58,47,59,23,48,16,42,11,35,18,45,0,27,0,8,0,0
2026-05-01,곤제,1252,1178,3,0,31,19,40,22,53,28,99,43,136,55,99,70,118,65,92,64,87,78,56,77,87,88,81,73,67,107,45,87,25,91,35,55,32,47,54,57,10,34,2,18,0,0
2026-05-01,어룡,1911,1821,8,0,27,19,45,21,87,56,127,57,170,52,186,85,166,82,112,80,156,110,107,124,102,113,124,160,121,182,108,157,72,129,66,105,40,91,44,101,37,74,6,23,0,0
2026-05-01,송산,1979,1826,12,0,35,13,40,22,94,29,135,76,160,93,153,66,173,101,193,117,162,105,118,115,138,123,143,141,99,168,83,175,79,136,48,109,58,97,28,68,25,53,3,19,0,0
2026-05-01,탑석,1523,1332,7,0,30,16,40,30,71,22,92,41,119,61,133,56,113,72,140,55,110,66,95,79,128,103,91,121,83,138,104,103,58,107,38,80,31,81,31,61,8,28,1,12,0,0
2026-05-02,발곡,2887,2861,30,0,64,22,78,37,135,50,187,100,247,124,270,118,253,135,262,167,290,172,199,186,172,240,176,236,153,265,127,234,100,166,61,155,33,155,26,169,24,93,0,37,0,0
2026-05-02,회룡,9271,9504,7,1,75,235,213,283,265,464,298,771,362,943,413,913,433,901,481,881,581,676,593,596,680,597,784,535,820,469,680,368,584,240,521,232,506,190,587,119,327,69,61,21,0,0
2026-05-02,범골,2356,2179,3,0,60,17,72,21,147,50,182,88,226,91,200,111,214,108,212,135,182,140,193,149,126,177,151,177,106,170,88,202,64,119,56,122,29,119,29,103,12,56,4,24,0,0
2026-05-02,경전철의정부,2523,3089,5,0,33,23,24,57,51,61,67,119,75,199,105,283,117,294,153,296,170,269,202,274,217,228,237,217,200,186,209,208,143,133,177,101,138,60,132,35,55,37,13,9,0,0
2026-05-02,의정부시청,1281,1395,0,0,21,15,18,27,37,61,64,98,65,121,94,104,90,101,121,129,106,140,108,114,107,74,110,107,118,71,96,67,43,43,44,41,24,29,13,28,1,20,1,5,0,0
2026-05-02,흥선,2133,2052,6,0,56,16,66,26,108,56,155,74,193,90,164,109,174,120,192,105,166,139,143,152,127,172,124,148,142,152,85,159,79,120,52,123,43,108,25,103,27,59,6,21,0,0
2026-05-02,의정부중앙,3699,3931,1,0,30,35,58,56,68,65,129,203,138,232,256,266,214,357,306,389,290,351,285,328,324,350,325,297,283,294,261,203,208,163,183,111,153,92,104,67,51,53,32,19,0,0
2026-05-02,동오,2308,2139,6,0,38,21,60,52,120,59,182,69,189,96,168,100,205,81,180,136,162,134,170,126,128,154,136,197,130,213,88,172,74,135,113,114,72,102,64,86,20,65,3,27,0,0
2026-05-02,새말,1532,1289,4,0,37,22,36,15,69,26,114,54,137,46,121,46,141,61,124,82,116,87,102,72,98,84,117,111,115,113,64,104,36,92,38,70,22,71,20,62,21,52,0,19,0,0
2026-05-02,경기도청북부청사,2647,2733,3,0,23,45,29,62,62,179,91,160,285,218,166,199,228,149,221,220,208,201,159,181,244,180,210,196,185,154,148,133,105,139,100,85,85,107,68,59,21,46,6,20,0,0
2026-05-02,효자,845,779,4,0,8,12,27,14,40,16,49,36,78,41,75,41,76,40,76,42,43,57,56,69,69,48,63,50,72,53,36,59,24,43,23,53,7,44,13,24,4,28,2,9,0,0
2026-05-02,곤제,1310,1242,9,0,38,11,53,22,60,31,102,33,116,68,150,74,114,67,97,87,97,82,75,107,78,105,108,94,72,116,52,94,32,61,25,50,14,55,9,53,8,26,1,6,0,0
2026-05-02,어룡,1914,1739,10,0,39,17,43,24,91,43,135,61,176,57,184,65,166,74,179,97,153,112,106,142,125,148,124,117,99,159,80,154,51,101,41,106,42,107,32,78,31,57,7,20,0,0
2026-05-02,송산,2006,2017,8,0,31,31,39,97,96,60,212,98,156,124,177,92,162,89,200,119,132,104,148,152,131,134,100,132,94,168,112,138,60,115,48,103,44,116,31,80,22,42,3,23,0,0
2026-05-02,탑석,1621,1288,5,0,37,16,45,23,77,46,110,42,168,74,135,75,126,70,134,76,140,82,122,77,102,99,95,116,78,116,79,94,43,59,54,60,29,65,27,43,15,37,0,18,0,0
2026-05-03,발곡,2060,2146,21,0,40,24,57,24,87,39,133,67,172,73,202,104,173,121,180,114,173,132,160,172,134,172,159,192,106,185,74,162,81,156,40,110,30,98,25,116,11,61,2,24,0,0
2026-05-03,회룡,6619,6570,3,0,43,157,70,178,144,319,150,486,236,651,340,587,301,544,368,531,378,469,576,420,538,409,557,439,555,376,549,282,431,246,437,162,430,156,306,104,183,40,24,14,0,0
2026-05-03,범골,1779,1673,4,0,57,17,42,18,74,23,118,34,169,59,188,99,112,75,163,94,143,107,136,121,124,116,114,149,109,166,66,162,69,105,26,109,37,89,23,74,3,40,2,16,0,0
2026-05-03,경전철의정부,1852,2182,1,0,21,17,23,18,28,28,33,54,57,157,72,163,69,192,116,207,124,240,128,194,170,203,169,201,147,144,200,104,159,72,122,67,96,49,68,39,45,19,4,14,0,0
2026-05-03,의정부시청,965,942,0,0,10,11,20,33,23,29,52,85,56,80,96,115,38,48,111,52,89,95,97,77,65,58,89,44,78,48,75,42,21,43,16,16,19,29,8,20,1,11,1,6,0,0
2026-05-03,흥선,1473,1439,4,0,33,18,35,23,55,44,106,36,122,63,139,85,111,65,133,82,112,79,135,94,99,115,86,133,90,115,71,95,38,98,39,78,38,84,16,82,8,40,3,10,0,0
2026-05-03,의정부중앙,2542,2554,3,0,19,13,37,35,38,48,78,71,76,99,129,180,124,225,209,261,162,221,173,295,243,231,239,194,244,170,187,154,146,102,143,82,87,72,118,53,70,36,17,12,0,0
2026-05-03,동오,1648,1609,0,0,33,27,37,26,55,32,108,49,128,62,151,103,103,59,117,101,133,94,87,92,94,139,108,165,124,171,89,123,65,84,76,113,80,75,41,50,17,33,2,11,0,0
2026-05-03,새말,1078,1016,4,1,18,10,23,5,47,17,75,27,89,29,88,58,99,32,79,60,96,71,87,66,88,89,67,76,72,107,39,77,25,64,21,88,33,44,12,46,13,36,3,13,0,0
2026-05-03,경기도청북부청사,1656,1608,0,0,18,23,17,27,41,36,50,70,61,87,100,108,125,87,124,111,113,160,142,119,154,131,154,134,142,138,124,106,81,58,71,55,73,69,48,44,13,34,5,11,0,0
2026-05-03,효자,654,625,1,0,12,2,8,9,23,16,27,21,33,32,53,52,51,32,49,45,59,49,45,54,66,62,78,48,65,34,23,41,29,36,4,27,9,24,14,28,3,12,2,1,0,0
2026-05-03,곤제,854,834,3,0,27,16,27,11,32,28,71,24,61,35,88,43,56,37,63,47,51,56,66,50,62,83,56,72,62,79,37,53,28,47,16,55,22,44,18,29,8,18,0,7,0,0
2026-05-03,어룡,1265,1279,6,0,26,15,26,16,51,19,84,35,99,34,114,46,83,43,123,69,110,92,87,94,86,113,73,117,80,112,64,117,49,85,35,72,23,83,22,75,21,36,3,6,0,0
2026-05-03,송산,1274,1343,12,0,22,10,22,15,50,20,84,57,104,66,104,97,96,44,107,64,125,90,81,69,118,121,62,129,63,109,57,144,36,94,59,63,35,67,18,46,17,24,2,14,0,0
2026-05-03,탑석,1122,926,4,0,26,14,22,24,44,15,67,27,99,25,98,33,70,61,107,58,87,72,82,46,93,80,102,63,54,94,52,77,36,62,26,51,19,47,21,38,11,24,2,15,0,0
2026-05-04,발곡,3277,2834,38,1,90,22,141,32,372,81,471,179,315,126,276,147,269,156,282,176,241,153,195,256,206,283,79,142,0,24,58,124,84,268,51,208,52,134,28,165,22,99,7,58,0,0
2026-05-04,회룡,9727,10523,11,2,64,313,219,557,475,1293,716,1346,483,952,409,889,486,856,552,799,568,692,600,591,754,578,810,485,3,43,582,141,958,343,669,241,518,172,432,147,321,63,97,20,0,0
2026-05-04,범골,2913,2277,4,0,88,25,157,24,331,51,422,142,296,126,241,119,205,174,199,155,224,157,214,183,155,280,49,92,0,1,59,88,95,194,63,163,54,121,44,96,11,68,2,18,0,0
2026-05-04,경전철의정부,2520,3317,3,1,22,31,45,63,71,100,117,343,110,442,149,262,228,262,190,290,216,299,220,245,238,262,120,162,0,7,104,86,193,179,150,94,130,83,112,50,81,37,21,19,0,0
2026-05-04,의정부시청,1628,2044,2,1,23,16,32,41,82,118,133,528,147,201,131,158,162,137,114,146,132,153,164,134,160,114,67,46,0,0,61,35,89,75,62,47,36,27,24,40,5,21,2,6,0,0
2026-05-04,흥선,2380,2196,5,1,74,18,86,50,203,94,333,183,226,129,155,117,189,150,184,150,171,197,190,169,171,219,67,83,0,0,71,74,87,162,77,111,46,104,30,97,12,62,3,26,0,0
2026-05-04,의정부중앙,3606,3936,2,0,33,49,61,54,150,116,217,309,162,342,213,334,311,359,310,382,363,352,343,365,407,333,173,286,0,11,157,84,214,190,165,116,142,111,101,74,61,52,21,17,0,0
2026-05-04,동오,2691,2280,5,0,59,29,109,68,220,75,439,161,218,167,189,114,227,143,200,180,190,181,175,161,209,194,63,94,0,1,54,91,78,202,62,139,94,107,59,85,35,65,6,23,0,0
2026-05-04,새말,1871,1412,8,0,39,12,82,21,180,44,272,93,208,78,151,70,110,78,141,82,140,71,127,100,132,148,37,68,0,0,59,67,62,141,39,97,33,93,25,70,23,58,3,21,0,0
2026-05-04,경기도청북부청사,2888,3087,4,0,23,55,43,90,150,249,192,312,292,269,190,195,228,187,264,273,221,241,194,227,322,220,94,146,0,1,113,52,172,195,111,134,132,80,97,89,35,54,11,18,0,0
2026-05-04,효자,983,1307,5,0,8,15,44,28,66,76,120,364,92,92,98,58,73,55,81,80,73,84,61,78,87,76,41,69,0,0,48,12,35,67,22,47,10,40,8,35,10,25,1,6,0,0
2026-05-04,곤제,1459,1253,7,0,41,17,71,19,117,54,200,92,166,80,122,65,124,80,110,103,97,87,102,83,82,133,38,83,0,1,38,21,48,108,38,79,29,61,15,56,9,23,5,8,0,0
2026-05-04,어룡,2382,2274,14,0,44,26,101,48,246,100,295,361,236,91,172,79,163,85,171,163,157,139,133,156,152,175,64,184,0,5,89,31,126,217,68,121,55,114,53,99,35,66,8,14,0,0
2026-05-04,송산,2341,2111,20,0,48,25,91,29,179,58,284,192,208,143,203,127,166,166,261,163,170,161,146,154,170,197,56,125,0,2,59,27,93,231,73,98,39,76,40,76,31,44,4,17,0,0
2026-05-04,탑석,1717,1336,16,0,41,13,68,30,155,84,291,96,177,76,134,79,107,104,129,81,112,86,113,82,105,136,37,87,0,0,41,21,72,101,42,79,35,73,30,60,12,38,0,10,0,0
2026-05-05,발곡,2763,2674,22,0,46,20,64,22,108,50,163,73,235,94,350,85,322,111,280,161,244,175,216,204,169,257,164,269,103,239,91,231,67,208,42,143,34,120,24,125,17,55,2,32,0,0
2026-05-05,회룡,8435,8166,4,2,51,186,135,213,243,355,257,558,294,783,389,846,486,747,481,834,513,633,550,536,621,527,739,503,658,344,717,324,551,250,538,208,414,143,451,112,306,49,37,13,0,0
2026-05-05,범골,2215,2025,2,0,49,19,82,16,110,31,121,50,201,65,232,74,192,112,222,118,179,140,171,160,154,191,113,170,99,167,101,195,61,118,58,133,25,100,37,91,5,56,1,19,0,0
2026-05-05,경전철의정부,2376,2655,3,0,31,26,34,39,33,39,45,75,58,140,58,214,108,254,168,264,171,312,159,255,256,223,248,219,227,165,204,152,189,71,168,70,75,50,77,39,56,36,8,12,0,0
2026-05-05,의정부시청,2621,3825,1,1,15,16,16,28,31,35,38,99,81,236,75,710,226,738,283,712,402,441,418,313,384,152,346,78,110,59,86,44,33,36,23,40,23,36,22,33,8,15,0,3,0,0
2026-05-05,흥선,1893,1882,2,0,46,13,50,33,87,59,116,75,168,62,165,76,177,96,160,102,152,121,126,137,112,138,109,153,114,172,130,137,58,124,57,110,26,101,25,97,12,59,1,17,0,0
2026-05-05,의정부중앙,3751,3684,1,0,32,30,39,50,65,92,66,127,109,230,197,222,253,370,303,385,305,413,385,330,336,359,345,261,297,199,313,192,240,118,180,96,114,72,97,74,57,42,17,22,0,0
2026-05-05,동오,2177,1959,2,0,49,18,42,44,96,41,113,71,177,130,192,79,198,97,276,100,178,115,130,153,131,187,118,165,123,182,66,152,81,110,69,98,76,72,28,75,27,51,5,19,0,0
2026-05-05,새말,1618,1387,9,0,22,14,39,21,56,15,75,22,187,35,201,53,188,45,200,68,140,78,120,91,84,117,74,147,73,134,44,93,31,128,25,116,22,75,14,73,12,56,2,6,0,0
2026-05-05,경기도청북부청사,2399,2414,2,0,19,32,28,74,38,159,67,79,260,144,138,146,170,152,261,202,174,189,181,187,222,172,165,179,187,159,146,150,89,103,74,88,97,94,57,54,15,39,9,12,0,0
2026-05-05,효자,766,704,3,0,6,7,29,17,19,20,52,18,80,20,78,34,89,34,69,61,73,64,50,48,40,57,59,66,38,38,30,53,14,43,15,44,6,37,9,28,5,14,2,1,0,0
2026-05-05,곤제,1270,1222,4,0,21,18,43,18,58,38,86,39,85,49,142,46,121,75,118,97,102,89,104,95,75,92,60,113,58,94,50,122,41,99,36,48,30,29,26,32,9,26,1,3,0,0
2026-05-05,어룡,1859,1784,7,0,25,18,43,19,78,39,116,74,139,37,233,39,192,79,158,108,142,127,106,128,99,165,87,197,115,170,89,145,75,134,56,110,48,79,19,56,31,45,1,15,0,0
2026-05-05,송산,1925,1834,14,0,27,11,44,24,67,25,115,70,156,77,204,69,213,78,222,109,172,143,120,132,111,154,87,180,80,164,91,170,56,115,50,104,41,74,32,71,18,45,5,19,0,0
2026-05-05,탑석,1631,1356,8,0,26,11,31,31,58,23,67,36,138,49,179,52,220,53,172,80,171,109,93,126,109,127,85,147,52,120,73,113,47,67,45,67,20,63,22,42,12,24,3,16,0,0
2026-05-06,발곡,3811,3932,38,0,91,17,193,41,485,105,610,245,338,154,225,134,245,166,245,191,207,186,156,216,252,280,171,344,129,357,171,479,85,373,70,198,45,169,41,166,11,79,3,32,0,0
2026-05-06,회룡,12448,12433,11,2,67,350,252,686,588,1679,990,1645,478,1009,375,744,428,760,492,780,594,640,688,541,700,574,983,569,1032,677,1460,819,1156,328,725,236,555,178,509,140,288,64,77,12,0,0
2026-05-06,범골,3420,3160,8,0,78,25,183,38,424,75,592,231,291,119,209,120,180,139,196,199,187,173,164,181,157,301,178,268,171,260,153,319,103,236,69,142,42,136,25,119,8,58,2,21,0,0
2026-05-06,경전철의정부,2829,3332,3,0,23,29,42,84,85,131,140,390,110,424,131,193,142,205,195,228,194,249,180,193,221,242,221,191,304,197,312,243,141,121,133,78,121,53,81,47,45,28,5,6,0,0
2026-05-06,의정부시청,2684,2865,1,1,31,21,53,43,101,139,158,741,148,283,153,187,189,127,175,177,176,205,178,153,185,159,209,110,202,106,481,149,78,92,68,51,67,49,27,43,4,21,0,8,0,0
2026-05-06,흥선,3191,3090,8,2,74,17,108,56,224,122,393,403,229,165,188,116,151,127,190,172,163,154,151,147,265,223,326,218,207,206,214,307,92,192,83,143,80,101,28,131,8,67,9,21,0,0
2026-05-06,의정부중앙,4401,4356,1,0,26,50,68,81,173,139,398,357,181,320,216,300,271,312,372,315,293,333,307,314,396,410,346,295,373,266,338,306,207,191,164,117,128,96,67,95,60,47,16,12,0,0
2026-05-06,동오,3213,3146,3,0,58,31,130,74,277,104,549,237,235,170,193,133,193,167,291,178,173,154,161,157,176,328,163,228,163,236,145,340,89,194,77,140,66,121,47,82,22,52,2,20,0,0
2026-05-06,새말,2285,2063,9,0,48,10,112,25,224,73,423,207,189,67,128,80,133,99,153,82,110,84,95,111,163,149,112,163,116,193,110,225,49,175,29,101,26,98,28,65,28,42,0,14,0,0
2026-05-06,경기도청북부청사,3503,3673,4,0,28,51,63,94,177,224,274,336,259,250,144,148,225,181,193,246,203,225,212,186,278,306,201,239,301,267,358,341,147,213,131,111,132,107,141,92,25,44,7,12,0,0
2026-05-06,효자,1543,1623,6,0,14,12,62,35,78,104,156,422,86,87,96,55,95,61,74,77,76,68,168,86,180,75,156,91,133,93,74,109,31,89,17,51,12,45,17,39,11,13,1,11,0,0
2026-05-06,곤제,1765,1696,8,0,42,17,82,24,172,65,268,118,155,102,109,51,101,76,118,81,102,91,96,100,93,133,83,139,88,135,97,201,53,142,31,70,32,63,26,59,9,24,0,5,0,0
2026-05-06,어룡,3235,3187,14,0,58,26,124,65,269,129,415,589,267,110,157,94,136,87,170,166,156,144,142,135,171,209,162,236,197,245,382,324,138,219,88,123,91,122,61,96,26,54,11,14,0,0
2026-05-06,송산,2789,2756,18,0,57,22,105,34,241,57,351,222,211,149,186,145,159,160,241,190,181,168,145,142,175,213,160,188,157,215,144,298,86,209,57,134,49,83,39,71,24,40,3,16,0,0
2026-05-06,탑석,2237,1913,15,0,42,19,75,33,173,100,395,156,199,84,119,65,110,90,134,96,96,97,126,96,163,139,113,140,139,154,160,242,60,121,47,102,36,95,21,52,13,20,1,12,0,0
2026-05-07,발곡,3755,3914,35,0,83,25,179,46,460,108,599,269,338,115,247,130,237,158,251,169,235,191,152,246,140,251,279,319,155,358,135,460,72,386,66,213,40,191,32,168,17,82,3,29,0,0
2026-05-07,회룡,12518,12261,7,2,76,306,265,655,558,1577,997,1666,458,1073,371,738,495,755,521,717,584,601,662,565,809,590,959,582,989,661,1458,787,1175,335,739,257,551,158,502,158,271,60,71,18,0,0
2026-05-07,범골,3450,3272,8,0,75,30,183,25,457,74,576,232,276,119,205,126,203,163,182,158,223,169,159,229,151,281,162,344,204,305,153,298,110,230,53,156,30,135,22,130,14,52,4,16,0,0
2026-05-07,경전철의정부,2896,3403,2,0,33,34,36,78,78,117,152,406,84,443,145,265,144,233,184,247,208,274,223,150,232,175,235,175,243,206,312,246,165,139,132,79,124,52,118,51,37,24,9,9,0,0
2026-05-07,의정부시청,2476,2541,1,1,24,23,43,41,94,117,163,741,132,237,138,144,189,138,143,125,127,169,162,141,169,120,184,96,218,104,448,112,92,85,52,50,56,41,37,37,3,16,1,3,0,0
2026-05-07,흥선,3023,3028,0,0,80,19,99,54,243,134,402,405,187,131,160,134,173,144,180,144,177,193,151,152,128,182,174,189,355,215,193,265,112,180,76,158,71,136,39,113,18,52,5,28,0,0
2026-05-07,의정부중앙,4030,4170,4,0,32,50,71,72,184,163,371,380,185,295,187,297,248,301,363,311,315,330,328,272,295,261,241,283,333,283,274,323,189,180,129,122,127,116,93,71,49,38,12,22,0,0
2026-05-07,동오,3129,3045,4,0,68,23,105,71,290,105,516,227,257,177,177,106,171,161,269,168,188,162,145,154,166,206,156,297,168,274,151,308,80,204,64,138,89,104,40,90,20,51,5,19,0,0
2026-05-07,새말,2184,1978,7,0,36,21,92,26,238,84,414,195,195,57,143,55,103,78,110,74,134,85,83,87,106,114,160,168,101,200,106,232,49,179,34,119,35,94,17,63,18,36,3,11,0,0
2026-05-07,경기도청북부청사,3374,3548,4,0,28,54,74,92,171,232,255,343,296,257,176,188,202,164,184,235,155,238,173,176,232,193,168,193,284,343,325,307,156,209,157,108,169,94,124,76,32,35,9,11,0,0
2026-05-07,효자,1470,1538,10,0,16,13,57,44,80,96,153,393,83,87,78,52,91,53,69,82,70,99,75,70,101,71,294,66,131,85,78,102,38,78,17,52,11,41,8,35,8,17,2,2,0,0
2026-05-07,곤제,1765,1700,7,0,39,26,73,32,172,85,284,120,169,85,93,53,101,72,112,97,91,108,80,90,74,108,82,147,120,141,120,173,57,134,36,92,26,62,22,54,6,17,1,4,0,0
2026-05-07,어룡,3060,3011,11,0,56,37,131,42,303,150,412,591,219,133,155,75,134,94,159,148,151,150,106,114,143,142,143,190,192,243,366,262,115,224,102,152,75,100,61,111,23,43,3,10,0,0
2026-05-07,송산,2708,2652,25,0,56,17,104,34,225,63,403,220,207,167,166,124,205,161,191,166,192,175,151,168,141,187,139,164,143,196,130,261,71,189,58,105,49,115,36,83,14,39,2,18,0,0
2026-05-07,탑석,2160,1859,15,0,31,15,74,36,189,102,396,148,194,79,124,63,107,69,106,90,100,103,93,107,93,108,166,120,165,170,121,247,78,116,42,85,31,86,24,70,10,31,1,14,0,0
2026-05-08,발곡,4230,4282,37,0,96,20,198,43,559,128,792,187,345,122,211,149,268,145,208,171,199,215,174,257,198,525,233,350,226,352,197,468,97,407,81,230,41,196,51,181,15,78,4,58,0,0
2026-05-08,회룡,13083,13154,12,3,75,307,257,673,534,1670,1025,1870,486,1022,415,770,489,802,438,730,634,675,778,584,1033,648,988,707,1037,727,1430,839,1304,396,734,291,581,176,475,173,245,80,113,11,0,0
2026-05-08,범골,3521,3236,7,0,77,28,184,27,466,80,532,233,279,115,213,144,183,156,178,154,200,192,189,178,169,247,208,318,184,278,173,364,112,250,69,125,55,122,28,127,13,76,2,22,0,0
2026-05-08,경전철의정부,3148,3588,4,0,31,35,44,73,94,115,156,383,96,389,125,248,141,216,168,209,193,253,232,238,261,236,250,199,319,254,352,293,214,173,163,91,112,69,98,68,82,34,13,12,0,0
2026-05-08,의정부시청,2552,2651,1,1,29,24,40,40,88,140,144,687,128,232,155,165,199,126,145,137,161,187,200,135,158,135,196,111,232,116,395,114,115,112,63,75,36,39,47,46,16,26,4,3,0,0
2026-05-08,흥선,3292,3108,4,0,67,21,107,63,230,115,379,401,225,141,202,124,175,111,173,151,208,161,199,161,277,230,318,246,202,249,207,232,124,199,63,169,69,108,39,121,20,74,4,31,0,0
2026-05-08,의정부중앙,4591,4784,1,0,30,53,71,81,168,137,363,346,180,317,220,292,262,318,296,344,315,322,312,353,379,430,444,358,400,371,363,348,219,253,207,143,169,144,112,119,65,42,15,13,0,0
2026-05-08,동오,3417,3245,9,0,64,28,129,75,281,109,534,237,228,171,179,129,204,170,238,162,237,146,175,175,202,273,191,250,174,259,176,365,104,274,96,164,84,95,63,85,41,58,8,20,0,0
2026-05-08,새말,2301,2160,8,0,37,11,91,24,229,78,398,202,177,76,134,69,99,88,130,79,116,88,105,112,197,137,104,177,130,219,128,256,87,185,45,141,33,77,33,83,17,34,3,24,0,0
2026-05-08,경기도청북부청사,3638,3779,1,0,31,54,69,98,166,221,254,354,267,267,190,182,194,186,238,204,171,233,189,208,277,252,252,253,335,307,335,365,196,211,153,136,129,103,151,76,31,44,9,25,0,0
2026-05-08,효자,1567,1620,9,0,9,19,62,40,83,93,145,429,72,82,110,46,90,50,80,83,106,93,77,80,232,91,149,83,138,80,107,105,33,79,30,71,16,26,12,41,4,22,3,7,0,0
2026-05-08,곤제,1730,1690,7,0,41,20,78,32,168,61,251,115,143,82,126,58,105,98,99,87,81,77,81,96,92,114,83,111,92,140,107,205,66,121,41,100,33,57,24,72,12,33,0,11,0,0
2026-05-08,어룡,3262,3246,12,0,52,31,125,47,279,168,442,562,234,153,167,86,159,98,172,145,141,162,145,163,175,201,180,219,226,258,355,325,139,211,91,140,67,100,65,95,29,60,7,22,0,0
2026-05-08,송산,2810,2800,19,0,57,24,98,35,226,61,352,220,193,135,172,154,201,158,211,176,170,137,156,153,166,204,141,193,184,217,153,311,102,199,65,151,62,124,49,91,30,40,3,17,0,0
2026-05-08,탑석,2278,1965,10,0,45,18,72,37,202,101,375,155,196,83,138,57,113,100,125,113,128,113,95,92,152,159,116,170,176,153,133,203,79,117,42,101,32,76,30,67,17,31,2,19,0,0
2026-05-09,발곡,2935,2999,34,0,69,28,88,34,149,60,230,99,225,117,306,120,300,161,229,195,232,210,206,194,196,254,163,265,126,248,140,253,83,197,60,132,60,117,25,161,12,91,2,63,0,0
2026-05-09,회룡,9752,9973,7,1,98,259,199,324,249,526,327,928,355,898,427,938,456,989,537,825,585,711,624,599,812,602,811,560,797,503,838,440,601,260,578,200,550,191,507,133,349,68,45,18,0,0
2026-05-09,범골,2545,2366,7,0,48,24,88,15,166,48,222,83,245,80,213,105,277,125,230,162,182,178,179,193,134,162,167,211,90,217,98,189,64,142,49,110,40,151,33,94,13,62,0,15,0,0
2026-05-09,경전철의정부,2531,3086,2,0,23,30,30,64,39,41,53,143,77,230,94,279,130,301,183,314,176,291,187,239,225,204,246,210,206,196,228,172,151,118,135,94,148,69,110,43,65,31,23,17,0,0
2026-05-09,의정부시청,1425,1506,2,1,15,26,31,34,49,74,79,88,60,156,82,131,97,94,133,119,105,123,117,120,113,120,147,93,152,72,132,65,37,57,28,43,23,44,20,25,1,20,2,1,0,0
2026-05-09,흥선,2163,2061,1,0,54,8,68,28,104,51,196,73,186,120,195,118,173,119,176,113,161,144,139,131,120,135,126,165,134,149,115,167,87,115,35,119,42,112,29,118,20,58,2,18,0,0
2026-05-09,의정부중앙,3809,3944,2,0,36,34,45,53,87,85,128,246,196,229,249,285,228,345,314,355,285,366,291,288,323,348,320,277,320,256,302,241,188,189,172,121,113,98,107,81,94,33,9,14,0,0
2026-05-09,동오,2403,2406,7,0,53,23,57,70,103,71,183,118,210,103,196,100,203,130,249,156,174,120,121,142,130,130,128,211,105,202,96,259,97,149,92,134,93,135,73,83,29,61,4,9,0,0
2026-05-09,새말,1704,1463,5,0,39,17,43,21,61,36,136,43,160,70,152,64,172,72,136,87,148,92,104,99,85,91,101,109,113,131,81,113,44,94,42,82,40,109,27,72,14,48,1,13,0,0
2026-05-09,경기도청북부청사,2602,2695,4,0,29,32,43,45,58,75,92,161,130,216,149,184,194,180,230,218,228,228,196,179,219,220,214,159,219,203,178,161,108,112,100,90,118,90,60,67,21,68,12,7,0,0
2026-05-09,효자,899,839,5,0,17,10,19,21,34,29,68,32,73,54,87,34,89,47,84,53,60,59,50,54,65,42,77,66,64,57,27,63,33,49,16,47,12,44,8,38,11,30,0,10,0,0
2026-05-09,곤제,1359,1272,2,0,24,16,52,29,56,28,117,39,131,54,141,67,141,76,104,72,83,99,77,94,81,111,86,118,66,105,66,89,51,68,27,65,17,54,25,53,11,29,1,6,0,0
2026-05-09,어룡,2143,1869,11,0,45,23,58,21,110,44,155,70,198,64,168,73,161,100,157,121,163,120,135,136,142,119,135,165,113,158,124,164,66,109,70,118,53,86,35,101,31,62,13,15,0,0
2026-05-09,송산,2185,2172,20,0,40,25,57,94,111,67,203,93,188,81,174,86,167,107,185,114,156,119,142,124,135,158,108,159,106,192,106,188,101,145,58,119,55,104,40,94,29,76,4,27,0,0
2026-05-09,탑석,1710,1380,5,0,29,15,50,28,79,47,105,43,175,57,149,77,153,79,150,83,139,124,99,77,112,121,104,129,76,124,91,91,59,69,47,59,38,51,35,55,14,30,1,21,0,0
2026-05-10,발곡,2418,2412,25,0,56,19,62,32,103,43,172,72,220,87,260,101,213,124,196,123,221,158,186,200,172,216,139,218,104,209,82,222,75,167,55,132,44,82,16,122,14,57,3,28,0,0
2026-05-10,회룡,7679,7688,7,0,41,180,91,215,160,333,209,615,306,840,404,805,288,678,367,640,538,606,570,471,710,459,658,426,604,340,656,309,563,233,466,220,431,167,362,81,202,60,46,10,0,0
2026-05-10,범골,1914,1823,4,0,49,14,69,21,80,26,146,47,196,60,199,104,165,77,171,117,160,124,126,148,98,158,121,146,87,171,88,164,62,103,33,125,30,82,20,67,9,58,1,11,0,0
2026-05-10,경전철의정부,1899,2263,3,0,21,15,25,29,26,28,37,75,53,147,74,192,72,191,119,268,104,213,150,200,165,196,179,180,187,178,204,97,141,87,123,61,87,41,61,37,52,23,16,5,0,0
2026-05-10,의정부시청,1262,1373,2,1,26,19,20,47,33,39,72,115,58,112,115,150,71,97,132,71,111,124,100,130,97,133,111,55,98,51,78,58,57,43,37,38,19,43,15,24,9,14,1,9,0,0
2026-05-10,흥선,1677,1653,5,0,38,14,40,27,64,37,119,40,156,75,156,107,114,74,157,64,155,105,146,104,110,140,96,146,80,135,79,134,68,120,37,77,29,101,16,92,10,39,2,22,0,0
2026-05-10,의정부중앙,2904,2985,2,0,18,21,32,52,53,50,83,88,104,145,169,233,156,207,189,296,222,306,236,312,248,227,257,245,267,214,208,179,174,157,203,85,124,76,92,52,57,35,10,5,0,0
2026-05-10,동오,1857,1783,4,0,33,22,49,24,66,31,129,51,161,57,188,112,129,79,143,112,144,111,123,117,119,148,131,143,87,177,64,152,76,131,69,93,70,106,52,62,19,47,1,8,0,0
2026-05-10,새말,1297,1155,7,0,23,17,33,8,58,12,91,24,118,39,115,59,105,55,114,65,95,69,114,85,77,91,97,96,64,109,66,87,37,72,24,92,29,71,21,51,7,41,2,12,0,0
2026-05-10,경기도청북부청사,1871,1837,2,0,27,29,25,21,32,46,53,81,91,128,105,111,115,98,139,134,173,175,149,138,153,154,150,135,167,156,157,111,97,89,95,79,79,78,47,43,12,25,3,6,0,0
2026-05-10,효자,793,817,2,0,7,10,12,14,28,22,43,54,51,93,67,45,61,48,117,45,67,62,68,54,43,63,70,58,53,50,42,50,17,34,22,37,7,27,7,30,9,18,0,3,0,0
2026-05-10,곤제,1013,959,3,0,34,14,32,11,30,24,85,32,102,34,104,48,77,31,89,48,85,57,67,89,51,88,42,92,44,89,40,72,55,73,32,56,21,50,15,31,5,17,0,3,0,0
2026-05-10,어룡,1559,1493,11,1,29,21,26,16,56,29,111,49,136,44,136,66,116,65,140,88,124,100,91,143,128,101,98,132,83,126,90,103,53,94,36,88,46,96,26,63,22,52,1,16,0,0
2026-05-10,송산,1620,1605,6,0,19,21,38,19,68,28,110,64,133,74,145,119,121,75,154,70,158,92,120,120,102,89,108,162,84,134,63,141,55,95,49,94,39,98,20,60,26,40,2,10,0,0
2026-05-10,탑석,1301,1132,6,0,31,13,30,29,52,32,85,29,135,33,104,48,95,58,112,67,109,84,67,90,103,62,84,92,82,109,65,89,41,77,39,76,33,67,20,38,8,29,0,10,0,0
2026-05-11,발곡,3575,3711,39,0,80,26,192,39,463,98,586,265,308,146,226,144,230,166,230,186,214,176,146,170,234,266,169,258,135,369,112,430,72,352,48,202,51,172,27,148,11,78,2,20,0,0
2026-05-11,회룡,11741,11798,10,3,76,338,238,679,538,1628,999,1614,480,933,409,761,464,739,486,716,531,578,514,451,746,497,806,540,986,642,1382,791,1177,270,719,247,518,159,364,150,241,55,57,7,0,0
2026-05-11,범골,3393,3078,7,0,73,28,193,21,436,74,615,226,290,130,201,113,173,188,176,162,175,152,155,167,148,312,161,234,202,287,169,316,82,213,58,163,39,134,27,101,11,44,2,13,0,0
2026-05-11,경전철의정부,2857,3200,3,0,32,32,42,83,91,117,135,388,99,488,158,236,232,187,168,170,181,229,186,199,218,200,205,161,261,179,269,212,195,117,131,65,116,57,87,57,39,19,9,4,0,0
2026-05-11,의정부시청,2369,2444,2,0,29,17,39,44,88,145,156,644,145,228,121,164,185,119,95,146,145,171,172,133,173,113,182,73,184,100,411,137,77,80,65,50,62,36,31,32,6,10,1,2,0,0
2026-05-11,흥선,2958,2887,5,0,70,21,101,55,244,107,381,407,221,130,164,120,149,151,164,163,150,161,153,129,169,193,179,164,328,238,172,284,94,162,70,133,80,104,49,98,13,49,2,18,0,0
2026-05-11,의정부중앙,3913,4106,6,0,34,53,64,65,182,123,363,371,187,318,191,280,256,316,319,313,247,275,304,286,312,277,274,257,333,312,263,312,169,209,141,128,108,90,99,81,47,25,14,15,0,0
2026-05-11,동오,3072,3028,8,0,66,24,130,79,272,115,550,232,225,167,186,122,183,139,251,181,164,146,142,132,165,211,153,198,159,375,140,278,79,225,69,124,62,127,54,87,14,42,0,24,0,0
2026-05-11,새말,2115,1901,6,0,44,15,97,25,227,69,416,197,185,77,140,71,99,75,108,83,126,82,76,72,158,116,96,127,100,223,107,193,43,174,22,107,30,72,21,61,13,50,1,12,0,0
2026-05-11,경기도청북부청사,3249,3472,3,0,26,46,71,98,167,200,260,360,249,260,166,155,186,195,226,243,159,204,149,165,239,210,174,204,287,306,340,295,156,212,128,111,122,83,114,73,21,38,6,14,0,0
2026-05-11,효자,1467,1527,7,1,13,15,57,37,69,94,144,443,100,66,99,57,86,54,65,81,77,91,63,69,112,71,229,55,170,94,83,106,45,69,17,37,8,34,15,33,6,13,2,7,0,0
2026-05-11,곤제,1586,1550,5,0,40,15,69,22,169,63,265,123,154,97,107,61,99,68,102,82,86,96,83,105,61,104,56,100,76,135,95,146,47,114,25,77,24,68,11,48,9,20,3,6,0,0
2026-05-11,어룡,3030,2949,17,0,56,29,123,48,273,162,417,571,220,120,148,99,141,84,149,122,154,143,103,128,143,166,149,168,219,233,356,295,106,214,91,137,77,93,60,91,26,37,2,9,0,0
2026-05-11,송산,2529,2450,25,1,68,15,105,33,224,58,341,232,224,142,148,113,181,168,169,141,158,133,122,128,129,159,117,203,158,196,130,241,65,179,63,99,43,92,38,67,18,35,3,15,0,0
2026-05-11,탑석,2141,1808,13,0,39,20,70,50,180,111,404,159,195,94,152,73,125,87,109,86,90,82,91,96,112,98,143,119,140,188,117,203,63,110,37,79,29,67,23,59,7,20,2,7,0,0
2026-05-12,발곡,3789,3833,25,0,88,21,188,37,452,99,590,266,298,149,280,152,238,146,269,160,208,179,175,194,161,278,248,338,165,386,149,474,90,333,69,221,42,149,32,157,19,61,3,33,0,0
2026-05-12,회룡,12386,12409,12,2,67,304,224,656,552,1628,969,1640,488,1002,404,836,455,777,517,730,600,647,626,522,688,570,915,554,1224,729,1494,776,1023,317,797,264,539,213,437,163,281,63,74,16,0,0
2026-05-12,범골,3340,3083,6,0,80,25,186,29,424,85,597,206,248,112,215,125,166,130,193,146,197,153,162,189,140,201,147,328,175,277,150,327,106,223,66,182,41,137,30,116,10,73,1,19,0,0
2026-05-12,경전철의정부,2827,3285,1,0,25,30,43,75,87,128,159,385,84,385,100,227,127,202,183,203,213,241,194,197,238,181,216,188,278,223,266,252,188,137,158,81,114,63,102,48,36,27,15,12,0,0
2026-05-12,의정부시청,2554,2761,1,1,24,24,48,37,97,127,160,731,156,250,133,143,164,121,123,142,150,195,166,160,159,130,212,111,258,139,416,176,64,97,52,59,121,41,38,50,11,17,1,10,0,0
2026-05-12,흥선,3156,3039,5,0,71,22,95,63,246,104,380,408,243,150,196,136,154,149,158,163,168,142,157,164,140,164,220,220,382,226,212,291,115,170,60,161,94,105,40,119,14,55,6,27,0,0
2026-05-12,의정부중앙,4222,4264,2,0,33,49,61,75,183,119,385,366,182,252,202,299,251,298,276,301,265,295,306,316,323,327,372,316,389,345,310,364,211,170,185,134,131,106,74,83,59,35,22,14,0,0
2026-05-12,동오,3054,2947,4,0,64,28,127,77,266,100,534,210,239,150,183,123,180,157,215,151,204,165,137,119,139,167,187,237,160,349,143,317,79,195,71,138,61,129,36,83,21,37,4,15,0,0
2026-05-12,새말,2204,2074,6,0,41,10,83,23,246,66,429,227,172,71,152,56,124,71,112,84,110,82,90,97,109,124,156,151,92,241,106,258,48,167,42,111,32,79,32,97,17,40,5,19,0,0
2026-05-12,경기도청북부청사,3419,3600,2,0,25,49,72,89,163,219,271,346,261,258,148,154,204,174,167,222,158,224,191,199,246,217,200,238,300,317,343,329,187,203,146,137,166,97,134,69,29,49,6,10,0,0
2026-05-12,효자,1516,1631,5,0,12,16,50,26,81,99,159,432,92,64,87,58,91,68,73,74,60,91,77,87,92,71,261,91,209,112,93,97,26,89,16,52,12,42,13,35,6,20,1,7,0,0
2026-05-12,곤제,1690,1660,9,0,39,14,75,20,152,57,259,121,145,100,109,55,123,71,94,97,127,97,89,103,86,94,75,147,79,166,101,167,52,128,35,81,22,51,13,55,4,28,2,8,0,0
2026-05-12,어룡,3186,3076,12,0,51,29,118,50,310,154,425,565,230,147,150,79,143,102,159,143,169,135,130,110,118,139,188,174,236,295,380,303,98,213,81,158,83,109,57,104,44,47,4,20,0,0
2026-05-12,송산,2652,2610,17,0,57,20,98,36,231,61,351,235,186,135,163,131,184,150,182,175,166,162,148,132,126,149,141,176,177,230,160,280,85,177,61,125,60,100,44,76,12,38,3,22,0,0
2026-05-12,탑석,2155,1788,17,0,41,17,70,40,178,106,378,167,202,73,121,58,105,65,124,86,103,87,94,97,115,93,159,139,140,157,130,220,79,105,37,91,30,74,23,73,9,30,0,10,0,0
2026-05-13,발곡,3812,3985,33,0,80,21,208,48,489,121,584,249,361,163,235,131,244,164,246,209,223,175,175,200,242,324,174,346,154,353,142,474,67,397,65,188,45,159,26,136,14,90,5,37,0,0
2026-05-13,회룡,12729,12521,6,0,68,306,260,658,612,1676,924,1634,498,1078,403,854,472,790,586,757,526,673,625,518,794,570,1004,609,1090,668,1500,783,1233,303,633,243,569,195,534,148,322,44,70,14,0,0
2026-05-13,범골,3455,3206,10,0,70,27,187,33,449,65,572,193,285,143,246,111,187,153,209,198,200,172,139,157,157,319,162,303,167,269,164,323,96,251,68,152,49,133,29,129,8,63,1,12,0,0
2026-05-13,경전철의정부,2870,3414,4,0,26,30,47,77,78,115,151,402,91,435,149,239,160,218,181,225,181,251,210,191,233,206,252,192,281,203,295,245,144,138,139,67,110,78,71,64,50,25,17,13,0,0
2026-05-13,의정부시청,2584,2753,1,1,25,16,47,58,87,145,149,682,160,288,130,181,157,119,162,170,137,181,161,139,202,139,200,135,230,112,445,133,94,88,77,52,76,46,34,44,9,21,1,3,0,0
2026-05-13,흥선,3172,2999,5,1,75,17,109,57,236,110,377,395,239,157,205,122,175,145,159,144,155,167,146,121,251,242,321,183,231,217,192,280,93,162,68,132,78,135,40,128,11,54,6,30,0,0
2026-05-13,의정부중앙,4177,4384,1,0,36,52,69,86,171,127,375,388,195,314,190,303,253,286,282,330,297,256,287,313,353,408,331,302,352,316,301,347,202,208,187,122,135,90,79,77,65,46,16,13,0,0
2026-05-13,동오,3217,3169,5,0,60,40,126,90,260,115,565,225,229,170,158,134,197,165,257,170,204,135,142,148,202,282,180,216,144,270,139,364,95,223,75,141,101,130,46,85,26,49,6,17,0,0
2026-05-13,새말,2269,2080,9,0,42,14,87,24,242,69,419,202,171,65,131,68,134,72,135,81,118,91,92,124,163,173,118,145,105,218,111,207,62,176,32,110,41,103,37,80,16,42,4,16,0,0
2026-05-13,경기도청북부청사,3399,3506,2,0,31,56,67,97,169,236,249,351,306,246,177,157,199,153,179,221,175,193,183,167,257,237,188,256,316,255,314,312,175,226,125,105,117,99,141,83,25,50,4,6,0,0
2026-05-13,효자,1500,1627,9,0,11,15,53,31,76,97,157,426,90,92,111,70,79,65,80,83,53,94,150,75,170,91,114,72,162,94,95,87,29,80,18,51,19,44,13,37,9,15,2,8,0,0
2026-05-13,곤제,1818,1771,3,0,39,23,83,30,180,66,273,126,178,99,132,75,112,75,115,86,111,89,91,118,70,133,54,147,129,137,102,169,59,132,41,104,24,68,17,57,4,30,1,7,0,0
2026-05-13,어룡,3148,3039,18,0,58,29,129,48,295,142,444,565,248,98,150,78,161,113,163,118,145,138,121,132,176,182,158,199,188,241,357,285,102,205,81,158,77,119,53,111,19,60,5,18,0,0
2026-05-13,송산,2836,2779,20,0,62,18,114,28,219,62,372,219,225,153,185,160,198,171,199,177,171,169,158,147,189,196,153,229,142,214,153,268,78,189,77,126,57,98,40,104,20,33,4,18,0,0
2026-05-13,탑석,2238,1890,16,0,38,17,71,39,191,112,395,165,192,83,149,64,86,76,118,66,117,84,124,124,129,113,134,146,152,158,138,229,64,121,44,90,42,96,26,61,11,33,1,13,0,0
2026-05-14,발곡,3939,3894,31,1,94,22,197,41,485,92,565,256,374,113,251,144,227,184,333,164,322,189,161,201,168,295,231,335,133,404,126,454,99,348,57,186,40,186,26,142,17,99,2,38,0,0
2026-05-14,회룡,12610,12450,16,3,80,343,269,664,505,1699,1016,1665,486,1016,350,819,488,738,525,723,647,571,528,516,834,587,754,569,1224,698,1389,810,1181,357,711,240,635,183,554,174,330,64,88,11,0,0
2026-05-14,범골,3344,3144,8,0,80,27,193,25,428,82,548,210,256,122,217,137,182,139,193,168,178,154,142,194,156,226,181,312,182,318,164,306,105,242,52,163,38,123,27,122,14,63,0,11,0,0
2026-05-14,경전철의정부,3118,3674,3,0,28,40,43,133,94,139,148,382,104,431,130,231,130,223,162,235,171,421,212,196,323,167,261,183,312,244,316,261,208,153,158,64,146,74,103,47,50,39,16,11,0,0
2026-05-14,의정부시청,2437,2518,1,1,28,23,39,47,108,113,171,678,132,232,125,130,154,96,98,146,146,167,159,142,183,133,252,124,192,124,432,114,74,89,51,49,55,45,28,36,8,22,1,7,0,0
2026-05-14,흥선,3007,2982,7,0,71,23,111,61,259,127,375,405,202,161,182,122,156,128,147,125,141,171,154,138,136,174,233,181,339,239,192,260,98,180,68,130,74,136,43,110,19,77,0,34,0,0
2026-05-14,의정부중앙,4053,4230,2,1,37,58,83,91,169,125,362,352,179,274,211,305,253,311,298,296,288,304,275,309,311,292,273,312,331,319,310,338,204,161,157,141,149,108,106,69,44,46,11,18,0,0
2026-05-14,동오,3233,3124,9,0,74,33,135,73,277,95,536,204,238,145,194,121,165,153,236,139,246,141,152,138,149,217,170,250,163,381,162,319,85,234,81,156,78,134,53,117,27,56,3,18,0,0
2026-05-14,새말,2247,2066,9,1,46,13,90,19,229,77,428,200,162,63,131,67,121,70,107,91,117,91,92,78,131,140,147,156,118,217,139,233,45,166,39,130,43,92,31,89,17,48,5,25,0,0
2026-05-14,경기도청북부청사,3400,3648,4,0,27,54,81,109,172,199,255,343,230,259,175,167,183,176,197,217,180,201,151,180,255,193,196,248,304,344,340,333,169,226,147,134,172,99,127,90,31,56,4,20,0,0
2026-05-14,효자,1437,1560,8,0,18,12,48,39,101,98,138,425,90,69,71,57,80,42,76,73,49,65,58,68,75,61,231,89,220,104,78,84,35,82,21,64,15,52,18,38,6,28,1,10,0,0
2026-05-14,곤제,1656,1628,10,0,57,20,71,23,180,63,254,119,139,87,112,66,108,80,82,79,80,92,85,89,82,125,74,122,88,137,98,169,51,115,34,83,23,49,24,63,4,38,0,9,0,0
2026-05-14,어룡,3124,2988,9,0,63,28,118,49,290,166,418,533,247,132,165,75,129,98,156,119,137,134,105,138,145,124,178,174,186,274,353,275,136,221,100,129,71,108,67,120,36,73,15,18,0,0
2026-05-14,송산,2661,2663,20,0,59,23,115,35,210,59,359,229,187,128,133,139,182,148,181,180,157,155,154,137,150,176,184,180,150,244,155,265,82,186,56,127,63,105,45,85,19,48,0,14,0,0
2026-05-14,탑석,2201,1831,16,0,44,20,69,47,173,102,395,151,194,64,140,73,140,59,97,79,97,103,96,97,103,102,176,147,153,168,125,236,60,103,42,85,32,79,29,72,18,33,2,11,0,0
2026-05-15,발곡,4007,4039,31,0,86,24,201,45,462,117,590,258,304,148,246,141,267,173,252,208,326,222,218,254,197,290,175,330,207,357,150,424,123,344,43,175,52,159,51,169,23,127,3,74,0,0
2026-05-15,회룡,12708,12756,11,5,69,317,262,661,525,1577,960,1595,505,1026,322,741,489,799,573,759,652,717,685,607,725,645,958,648,1100,732,1350,822,1128,377,676,259,613,178,558,177,423,87,124,27,0,0
2026-05-15,범골,3616,3277,11,0,81,25,184,39,430,76,552,206,310,128,210,120,194,167,220,208,214,230,173,237,159,249,176,296,235,256,189,317,105,200,74,181,45,100,38,134,15,80,1,28,0,0
2026-05-15,경전철의정부,3227,3736,4,0,31,37,48,87,97,101,145,367,107,406,136,259,160,237,185,275,215,279,213,236,251,206,263,218,328,253,327,300,193,159,159,90,134,70,136,91,80,52,15,13,0,0
2026-05-15,의정부시청,2512,2631,0,0,21,21,42,45,94,137,157,666,148,254,144,145,166,124,120,147,148,170,179,158,201,149,192,106,232,112,383,124,101,82,75,70,58,41,39,41,12,36,0,3,0,0
2026-05-15,흥선,3208,3133,2,0,84,28,104,62,239,114,374,420,250,159,181,134,190,151,235,138,184,194,170,164,267,218,210,201,207,226,208,257,106,171,47,127,72,146,55,117,19,85,4,21,0,0
2026-05-15,의정부중앙,4514,4741,4,0,39,52,68,78,176,130,355,365,198,319,226,323,260,316,308,315,315,377,267,385,360,364,406,321,381,345,336,372,240,237,190,138,180,122,104,112,88,42,13,28,0,0
2026-05-15,동오,3370,3333,3,0,75,28,122,85,267,106,530,233,264,146,185,125,198,166,229,176,209,264,175,206,194,209,178,249,180,237,153,362,99,237,80,148,108,113,76,133,37,85,8,25,0,0
2026-05-15,새말,2306,2120,10,0,45,19,93,23,227,78,412,194,172,73,141,80,119,69,101,104,125,118,174,122,135,118,99,161,108,193,133,226,79,147,44,134,30,84,30,101,22,59,7,17,0,0
2026-05-15,경기도청북부청사,3569,3731,0,0,31,46,77,108,157,200,235,337,260,262,182,173,219,179,206,268,165,209,243,193,259,255,239,226,339,287,293,339,198,246,133,130,149,106,130,90,45,59,9,18,0,0
2026-05-15,효자,1484,1622,7,0,19,20,56,32,93,87,132,436,98,121,85,47,92,47,88,87,312,77,82,82,82,74,91,76,97,99,59,105,33,61,23,53,23,36,7,42,4,33,1,7,0,0
2026-05-15,곤제,1749,1700,7,0,44,27,72,29,161,60,253,118,149,84,116,81,104,81,115,72,99,92,79,111,72,129,86,127,101,132,116,154,66,129,47,79,31,72,20,72,9,43,2,8,0,0
2026-05-15,어룡,3359,3182,18,0,48,28,123,49,292,159,435,535,250,126,160,77,170,110,162,128,161,152,194,146,158,181,189,204,241,244,378,298,122,229,82,135,65,138,67,133,37,87,7,23,0,0
2026-05-15,송산,2872,2794,26,0,55,28,100,24,220,73,333,216,208,158,178,141,215,150,205,167,172,147,161,168,192,198,144,172,179,228,181,289,86,200,74,128,60,124,43,93,32,57,8,33,0,0
2026-05-15,탑석,2322,1908,15,0,43,21,78,48,158,99,401,162,201,97,155,82,107,72,122,84,158,103,134,93,123,113,120,146,127,177,143,213,83,112,56,85,40,84,35,74,21,28,2,15,0,0
2026-05-16,발곡,3157,3096,30,0,77,21,93,42,162,67,235,110,299,111,300,156,292,137,282,205,288,183,177,238,166,209,201,282,143,261,122,242,119,160,83,205,38,147,17,177,33,87,0,56,0,0
2026-05-16,회룡,10057,10247,13,3,85,294,135,337,255,552,324,863,345,940,460,950,464,943,507,891,628,711,695,649,720,625,753,611,914,533,810,443,494,258,786,220,537,216,703,112,390,72,39,24,0,0
2026-05-16,범골,2607,2371,10,0,68,25,88,22,156,43,198,82,230,80,201,98,227,141,256,165,182,151,171,144,166,185,154,208,169,221,94,211,96,130,52,159,41,127,29,102,16,60,3,17,0,0
2026-05-16,경전철의정부,2668,3341,5,0,32,27,29,60,55,64,70,139,73,219,91,303,129,309,197,325,175,316,186,253,211,234,246,224,259,262,218,214,171,135,187,92,148,69,96,52,69,32,21,12,0,0
2026-05-16,의정부시청,1422,1546,3,2,18,21,23,49,39,69,73,144,81,107,88,119,82,105,118,126,98,124,120,94,107,118,119,98,129,73,161,70,57,55,57,48,24,48,13,50,10,22,2,4,0,0
2026-05-16,흥선,2250,2063,5,1,73,20,69,44,119,50,176,86,197,95,196,109,176,120,197,100,147,149,118,141,141,152,124,131,157,135,106,161,74,123,55,143,58,115,30,104,23,64,9,20,0,0
2026-05-16,의정부중앙,3794,4134,3,0,30,46,63,67,99,87,119,206,145,342,219,292,262,341,288,349,260,365,284,353,305,281,350,310,330,302,268,240,221,148,174,130,154,113,116,85,86,57,18,20,0,0
2026-05-16,동오,2400,2327,4,0,55,32,74,68,101,61,206,94,200,97,195,120,200,142,218,125,166,125,149,126,138,152,125,178,143,192,106,205,79,139,75,155,69,127,50,93,40,66,7,30,0,0
2026-05-16,새말,1741,1562,5,0,38,20,52,12,83,33,146,44,185,57,148,66,153,68,130,93,122,93,101,101,118,91,116,137,96,140,60,134,63,90,40,102,36,101,31,75,16,85,2,20,0,0
2026-05-16,경기도청북부청사,2773,2761,4,0,30,47,31,41,61,83,99,137,123,217,171,176,180,196,258,236,244,215,242,197,251,161,222,164,222,188,205,219,116,128,105,110,103,81,84,87,20,62,2,16,0,0
2026-05-16,효자,984,938,4,0,15,19,28,20,40,57,67,63,81,40,115,47,83,48,88,46,63,67,50,57,50,56,84,62,77,64,40,65,38,51,24,48,20,32,9,42,6,49,2,5,0,0
2026-05-16,곤제,1438,1345,6,0,43,17,55,31,82,44,108,32,151,69,149,64,116,74,84,88,101,76,77,84,88,105,75,103,84,124,74,102,49,97,29,63,28,64,23,67,13,32,3,9,0,0
2026-05-16,어룡,2149,1932,11,0,40,23,64,22,108,53,145,70,232,57,159,62,188,97,171,99,153,134,139,128,117,128,161,145,139,177,94,140,40,137,48,126,56,126,38,101,39,81,7,26,0,0
2026-05-16,송산,2085,2090,13,0,44,27,66,22,101,46,142,98,173,93,180,94,190,114,177,119,160,118,125,161,120,149,125,149,118,211,94,161,67,145,56,119,59,107,42,74,31,55,2,28,0,0
2026-05-16,탑석,1757,1454,11,0,50,12,46,33,99,45,139,49,168,48,141,76,131,72,148,96,145,76,104,89,106,86,103,120,80,152,105,131,52,76,50,88,33,77,35,68,10,46,1,14,0,0
2026-05-17,발곡,2504,2630,15,0,42,20,63,28,115,51,181,84,224,74,287,113,216,105,216,178,234,188,173,188,169,202,140,236,132,229,96,279,82,206,53,131,34,142,21,81,11,63,0,32,0,0
2026-05-17,회룡,8166,8131,4,2,48,180,86,237,144,382,218,711,300,837,377,881,307,735,401,641,555,634,587,525,711,469,757,401,726,380,779,315,633,272,453,214,474,168,342,92,197,37,67,18,0,0
2026-05-17,범골,2021,1916,3,0,55,19,58,15,80,24,142,61,194,79,227,98,150,87,177,127,185,113,169,125,117,163,107,169,89,175,89,194,64,125,49,112,31,103,28,67,4,45,3,15,0,0
2026-05-17,경전철의정부,1993,2408,6,0,26,24,26,40,28,34,43,86,50,163,89,195,74,219,134,258,132,273,120,239,189,184,163,162,185,153,204,108,169,71,132,61,95,67,67,34,52,25,9,12,0,0
2026-05-17,의정부시청,1426,1486,1,1,20,25,16,37,33,47,69,140,63,115,115,145,85,78,172,77,96,124,100,105,83,122,64,85,98,67,112,132,43,76,54,43,174,22,22,28,6,14,0,3,0,0
2026-05-17,흥선,1680,1645,7,0,39,19,39,33,66,34,113,55,151,64,148,126,119,62,157,76,138,112,103,118,93,110,93,136,111,131,107,129,78,114,43,88,39,84,23,88,9,46,4,20,0,0
2026-05-17,의정부중앙,2844,2850,3,1,34,18,31,43,59,65,85,86,102,133,147,206,135,209,176,255,220,304,225,229,218,255,236,217,269,194,248,179,204,131,155,127,117,98,93,66,74,24,13,10,0,0
2026-05-17,동오,1961,1891,1,0,49,26,55,34,83,31,151,49,154,71,215,101,146,96,155,123,145,107,128,144,105,134,98,164,110,160,83,179,56,142,79,97,86,106,39,67,17,51,6,9,0,0
2026-05-17,새말,1326,1164,8,0,17,16,42,15,69,17,89,30,119,39,106,43,111,38,114,78,117,75,98,79,91,79,83,104,68,101,61,109,47,88,37,79,21,66,19,52,8,46,1,10,0,0
2026-05-17,경기도청북부청사,1967,1826,3,0,33,19,23,24,40,53,72,82,86,130,111,115,137,112,138,147,222,135,148,135,156,107,169,139,146,144,153,135,98,92,89,78,78,82,43,47,19,39,3,11,0,0
2026-05-17,효자,755,785,2,0,14,8,14,17,34,22,48,44,61,38,64,51,57,53,81,62,67,55,42,43,51,57,44,65,73,51,34,51,21,39,26,27,6,35,8,37,7,29,1,1,0,0
2026-05-17,곤제,1011,1021,2,0,31,18,29,18,49,25,80,29,102,36,103,50,62,43,97,62,75,71,61,71,64,99,47,70,54,97,49,97,48,68,24,45,15,49,10,40,7,24,2,9,0,0
2026-05-17,어룡,1520,1492,13,1,28,29,53,14,65,22,102,42,148,45,147,73,105,55,137,95,103,84,96,105,84,112,89,98,65,132,88,132,59,120,34,106,47,110,24,65,29,41,4,11,0,0
2026-05-17,송산,1601,1612,9,0,33,17,52,14,72,29,134,63,152,78,146,115,118,61,148,70,120,90,107,95,96,119,79,120,74,124,80,155,47,124,50,96,40,105,24,79,19,40,1,18,0,0
2026-05-17,탑석,1328,1167,5,0,25,15,31,33,71,15,108,32,123,33,131,44,121,53,104,60,89,93,77,64,89,86,80,103,66,104,60,105,45,85,36,79,25,81,35,43,6,24,1,15,0,0
2026-05-18,발곡,3772,3869,31,0,95,18,197,46,460,93,599,267,315,138,258,137,214,171,245,215,190,190,177,195,202,274,207,383,184,389,146,430,96,327,52,192,51,145,38,143,14,83,1,33,0,0
2026-05-18,회룡,12107,12054,19,5,61,347,258,717,589,1658,910,1578,499,958,386,820,440,781,570,735,574,568,598,495,653,504,923,550,1097,660,1437,749,1112,316,726,237,520,154,422,163,239,48,74,11,0,0
2026-05-18,범골,3365,3052,7,0,86,30,183,24,413,75,573,232,319,120,199,145,192,157,186,177,178,152,142,166,128,232,139,257,216,292,148,297,121,215,53,178,36,126,34,106,8,60,4,11,0,0
2026-05-18,경전철의정부,2823,3225,2,0,28,35,52,76,103,133,143,372,118,506,153,224,254,173,207,191,192,202,159,177,203,196,208,159,227,203,263,229,160,128,130,63,99,59,79,57,34,31,9,11,0,0
2026-05-18,의정부시청,2445,2557,1,1,26,20,42,44,96,116,161,654,143,259,147,159,179,129,117,136,156,178,163,138,150,134,210,115,193,126,408,133,78,73,58,58,71,37,33,29,12,14,1,4,0,0
2026-05-18,흥선,2957,2912,5,0,79,19,104,53,240,114,377,402,214,130,145,122,151,144,138,139,140,155,146,145,170,175,199,169,349,249,194,284,102,175,88,138,69,104,26,113,18,62,3,20,0,0
2026-05-18,의정부중앙,4027,4085,1,0,32,54,67,65,167,140,376,345,207,337,203,304,275,300,308,301,263,301,278,281,319,284,296,253,359,320,257,282,199,163,160,140,110,85,84,78,51,37,15,15,0,0
2026-05-18,동오,3186,3100,6,0,66,23,143,81,257,110,571,228,247,151,171,148,196,155,204,187,192,156,157,131,191,232,204,228,170,356,131,315,79,243,78,115,55,108,41,73,23,42,4,18,0,0
2026-05-18,새말,2189,2008,9,0,44,13,98,22,247,68,408,208,195,66,133,80,107,74,121,87,98,78,109,89,156,140,119,137,94,214,95,241,55,173,36,120,24,81,20,64,18,38,3,15,0,0
2026-05-18,경기도청북부청사,3309,3544,5,0,29,48,67,118,172,187,252,378,259,267,169,172,239,178,202,248,151,208,167,181,223,190,178,209,307,347,316,281,139,205,139,94,135,112,127,74,28,29,5,18,0,0
2026-05-18,효자,1453,1531,6,0,11,16,58,40,93,90,140,419,109,93,82,54,81,52,74,77,56,80,69,86,113,84,232,75,166,96,83,84,34,54,16,45,17,39,9,29,2,18,2,0,0,0
2026-05-18,곤제,1675,1627,12,0,51,19,71,18,157,65,276,120,153,103,114,66,99,81,90,78,93,84,87,81,72,134,75,96,100,153,85,182,49,126,44,84,24,50,8,64,14,17,1,6,0,0
2026-05-18,어룡,3108,3034,13,0,51,28,137,48,304,148,394,575,250,124,171,91,134,110,154,154,152,142,105,119,151,158,177,168,224,243,338,295,111,220,69,145,66,114,72,96,28,46,7,10,0,0
2026-05-18,송산,2625,2599,21,0,64,25,103,34,236,61,316,233,227,148,176,129,179,167,202,166,161,146,101,141,117,164,161,179,176,224,128,237,73,188,70,122,42,102,45,77,25,36,2,20,0,0
2026-05-18,탑석,2189,1866,12,0,45,25,79,32,191,117,385,167,198,90,127,75,116,72,107,106,117,86,101,93,124,91,136,144,155,194,116,226,63,115,40,74,37,70,28,52,10,29,2,8,0,0
2026-05-19,발곡,3840,3950,28,0,93,18,194,37,492,103,566,296,321,134,253,157,251,169,243,179,216,180,173,209,196,284,255,298,152,468,182,430,69,358,49,193,56,167,32,143,17,98,2,29,0,0
2026-05-19,회룡,12252,12200,14,5,85,310,243,683,502,1671,967,1608,485,1023,401,794,444,790,494,701,558,612,644,540,649,520,955,545,1103,655,1419,789,1197,301,611,223,602,189,506,158,313,68,60,15,0,0
2026-05-19,범골,3388,3113,12,0,72,32,194,30,437,65,588,230,273,102,193,145,203,146,172,162,187,168,152,176,150,209,170,304,202,276,155,311,89,247,47,145,39,158,38,124,13,63,2,20,0,0
2026-05-19,경전철의정부,2787,3286,1,0,33,36,41,76,93,129,155,407,88,412,138,219,163,222,194,176,170,233,191,188,214,194,221,178,267,210,247,252,163,125,143,72,111,64,106,48,37,33,11,12,0,0
2026-05-19,의정부시청,2342,2473,1,1,25,23,49,36,98,133,154,661,152,248,133,137,162,120,101,114,105,123,134,135,168,115,201,112,195,128,378,125,80,103,69,50,84,47,34,37,19,21,0,4,0,0
2026-05-19,흥선,3040,2980,4,0,86,20,116,56,226,121,362,394,246,159,151,131,153,147,164,141,192,157,170,152,159,165,229,197,284,236,186,274,105,170,67,134,78,116,45,111,13,68,4,31,0,0
2026-05-19,의정부중앙,4112,4297,3,0,37,57,67,72,176,138,378,359,170,316,220,316,259,287,273,329,301,285,271,300,307,331,331,303,346,348,298,308,192,189,170,128,144,97,79,92,72,31,18,11,0,0
2026-05-19,동오,3043,2942,1,0,76,32,131,73,267,106,538,172,220,164,191,118,159,125,220,170,168,140,141,164,143,182,205,223,145,361,154,269,74,205,71,144,75,146,39,90,20,52,5,6,0,0
2026-05-19,새말,2207,2115,9,0,36,14,84,30,246,69,416,209,189,74,143,74,107,73,118,82,118,95,88,77,101,130,149,154,109,237,103,275,63,169,39,114,39,94,29,79,18,52,3,14,0,0
2026-05-19,경기도청북부청사,3491,3543,1,0,29,47,73,135,162,213,237,350,271,225,163,161,206,177,194,231,162,192,181,172,252,192,196,222,367,371,374,308,171,221,134,116,158,87,129,61,23,41,8,21,0,0
2026-05-19,효자,1529,1652,6,0,12,17,43,35,93,99,143,416,103,78,99,60,92,46,71,87,62,99,70,76,84,69,294,84,186,97,88,112,37,104,16,62,15,48,9,30,4,24,2,9,0,0
2026-05-19,곤제,1734,1671,11,0,38,25,84,25,160,79,273,105,185,100,120,73,105,82,106,87,100,91,90,97,79,94,64,129,104,134,101,175,36,133,27,84,26,81,13,55,11,15,1,7,0,0
2026-05-19,어룡,3150,2985,11,0,53,32,132,44,324,149,411,566,219,112,162,84,140,83,144,113,144,154,129,119,138,152,199,196,226,269,353,286,116,200,95,150,58,103,59,107,21,49,16,17,0,0
2026-05-19,송산,2587,2587,22,0,53,17,101,30,236,66,328,218,216,149,184,131,150,174,209,150,158,149,142,154,131,137,133,187,140,227,151,245,68,185,60,146,55,100,33,66,14,42,3,14,0,0
2026-05-19,탑석,2181,1865,18,0,37,20,73,44,179,100,389,163,194,64,137,62,106,89,125,79,101,87,118,91,87,110,163,155,160,175,119,233,55,120,45,92,29,75,33,66,12,22,1,18,0,0
2026-05-20,발곡,3646,3862,34,0,83,22,195,39,486,98,582,297,305,137,232,116,224,188,226,173,201,140,134,156,235,290,168,311,146,360,154,469,70,401,71,232,43,176,37,156,14,73,6,28,0,0
2026-05-20,회룡,12103,11575,14,2,73,316,269,691,530,1628,1000,1524,431,953,290,725,467,668,500,626,510,567,480,447,796,556,870,540,1141,641,1411,804,1133,309,742,220,571,142,568,145,240,59,67,12,0,0
2026-05-20,범골,3305,3227,9,2,84,20,185,43,432,80,574,235,280,120,182,110,179,139,166,172,209,137,141,134,183,326,142,261,167,267,148,358,74,289,66,170,43,124,29,136,12,87,0,17,0,0
2026-05-20,경전철의정부,2826,3218,1,0,21,27,49,77,94,137,150,385,82,486,127,179,159,198,170,203,152,298,201,157,242,178,225,154,291,204,282,217,155,95,152,53,112,74,114,65,35,25,12,6,0,0
2026-05-20,의정부시청,2363,2414,2,1,20,21,54,39,99,134,151,668,139,235,134,129,136,118,110,134,109,154,127,117,208,130,165,90,208,112,443,101,108,78,63,48,48,42,24,40,14,15,1,8,0,0
2026-05-20,흥선,2766,2687,9,1,68,21,87,50,233,126,348,400,189,133,137,98,150,105,151,130,135,117,117,114,205,172,259,162,207,189,194,274,90,175,64,122,83,102,30,120,5,62,5,14,0,0
2026-05-20,의정부중앙,3662,3760,1,0,32,56,82,87,181,134,380,340,174,271,165,222,215,286,235,220,218,223,239,224,237,342,282,250,332,270,265,291,207,174,148,130,123,87,89,105,48,39,9,9,0,0
2026-05-20,동오,3002,3058,6,0,65,33,114,75,270,105,568,204,206,135,153,122,203,152,175,159,175,146,124,135,159,324,170,210,161,270,143,314,94,244,64,143,66,121,48,92,35,49,3,25,0,0
2026-05-20,새말,2036,1954,6,0,49,8,90,25,230,66,412,213,180,62,119,58,105,77,106,87,80,87,80,80,168,155,94,148,101,189,85,188,37,172,35,102,20,109,22,74,16,41,1,13,0,0
2026-05-20,경기도청북부청사,3091,3244,3,0,31,61,78,94,161,205,242,354,247,254,121,146,202,149,185,196,141,146,157,161,196,192,164,216,291,287,316,287,148,197,94,110,141,74,138,70,27,33,8,12,0,0
2026-05-20,효자,1425,1522,6,0,12,16,53,33,89,91,151,436,76,69,95,45,61,56,54,90,54,67,139,56,205,104,123,91,117,88,88,82,29,65,43,35,7,44,12,31,8,19,3,4,0,0
2026-05-20,곤제,1541,1492,9,0,43,16,72,25,152,54,281,111,145,94,104,59,109,65,82,70,73,79,63,67,61,108,65,113,92,135,72,152,40,126,25,67,22,60,16,59,15,27,0,5,0,0
2026-05-20,어룡,2869,2888,12,0,52,33,120,50,266,142,400,580,198,99,127,79,126,99,151,106,128,128,109,111,171,161,144,165,206,238,361,301,104,202,66,141,54,100,54,85,17,52,3,16,0,0
2026-05-20,송산,2425,2439,18,0,61,27,98,30,233,64,342,234,191,131,166,127,163,134,155,137,117,120,129,114,136,188,125,157,132,192,134,275,58,166,59,114,49,107,40,75,13,34,6,13,0,0
2026-05-20,탑석,2032,1698,11,0,39,17,60,28,184,102,389,161,192,66,108,57,100,61,96,62,86,80,108,99,150,142,101,126,141,129,108,219,54,87,34,84,34,82,27,53,9,24,1,19,0,0
2026-05-21,발곡,3776,3855,28,0,80,27,193,40,478,107,582,295,301,125,231,138,227,141,223,148,224,155,145,191,187,269,261,331,171,389,159,432,121,366,63,217,42,186,42,163,18,99,0,36,0,0
2026-05-21,회룡,12095,12044,7,4,76,307,262,667,571,1630,894,1576,432,942,373,759,424,715,486,652,643,631,565,497,680,572,926,594,1026,676,1374,790,1097,363,742,214,632,204,461,166,327,74,97,11,0,0
2026-05-21,범골,3345,3070,9,0,76,24,188,38,414,65,583,220,254,109,206,117,179,139,182,135,183,151,161,164,132,238,138,337,218,277,177,324,97,215,52,172,48,139,33,132,12,59,3,15,0,0
2026-05-21,경전철의정부,2979,3446,3,0,31,37,39,73,91,128,146,393,78,431,127,239,122,221,194,224,162,264,225,202,246,163,256,208,275,223,329,251,157,151,156,70,148,69,120,56,61,33,13,10,0,0
2026-05-21,의정부시청,2282,2411,2,1,27,22,42,48,102,108,152,629,116,216,104,125,123,93,103,136,100,197,142,152,198,117,222,104,167,108,412,121,98,86,63,49,65,41,37,37,6,13,1,8,0,0
2026-05-21,흥선,3060,2990,3,0,78,16,107,55,231,113,358,393,211,139,158,122,183,116,131,142,181,147,149,147,140,190,252,208,335,212,220,267,96,189,73,143,85,143,50,132,12,74,7,42,0,0
2026-05-21,의정부중앙,4178,4341,4,0,34,52,64,68,170,137,380,353,189,308,212,262,231,267,261,330,295,311,308,310,330,334,357,315,371,330,268,332,212,200,159,153,148,104,106,110,67,50,12,15,0,0
2026-05-21,동오,3237,3055,4,0,70,32,110,65,276,105,533,191,243,125,163,148,180,141,230,138,211,163,158,147,150,157,210,242,186,388,166,333,71,228,99,174,105,107,48,103,20,48,4,20,0,0
2026-05-21,새말,2189,1989,6,0,40,13,85,26,236,68,423,198,158,64,141,60,118,88,119,68,111,77,104,74,91,125,170,145,109,219,106,242,55,160,44,126,26,90,27,82,17,47,3,17,0,0
2026-05-21,경기도청북부청사,3392,3514,2,0,33,50,74,105,173,199,245,336,225,247,172,161,185,145,181,204,163,195,170,166,240,196,215,268,304,315,327,327,163,214,168,105,158,110,158,98,31,58,5,15,0,0
2026-05-21,효자,1453,1541,9,0,13,11,46,41,92,88,136,419,85,61,105,46,67,43,60,68,59,94,62,67,87,65,249,85,208,109,89,101,27,77,22,53,13,40,16,42,6,19,2,12,0,0
2026-05-21,곤제,1673,1615,7,0,39,23,75,17,158,66,236,127,160,95,112,64,106,67,96,68,90,83,76,113,80,113,78,110,106,151,93,166,61,112,42,85,28,61,22,51,6,34,2,9,0,0
2026-05-21,어룡,3088,3054,16,0,57,40,125,48,274,162,412,570,216,112,139,90,146,99,149,128,152,134,90,119,143,146,189,188,192,286,383,292,129,196,91,139,63,120,77,130,40,41,5,14,0,0
2026-05-21,송산,2532,2555,21,0,50,17,92,27,211,64,346,196,194,135,137,105,166,152,171,144,142,153,133,126,166,162,156,174,160,228,125,278,88,198,72,124,36,102,46,102,17,47,3,21,0,0
2026-05-21,탑석,2168,1847,13,0,39,15,55,39,170,96,376,162,180,66,144,66,113,66,99,97,108,101,95,89,101,95,178,142,157,187,130,228,73,107,48,92,36,88,42,75,10,23,1,13,0,0
2026-05-22,발곡,4174,4232,37,0,100,20,207,41,459,104,564,286,362,165,241,160,249,193,266,227,245,217,162,225,316,316,203,362,198,402,221,429,128,345,68,196,70,179,46,183,29,114,3,68,0,0
2026-05-22,회룡,12999,13009,15,2,77,334,253,688,586,1575,891,1579,525,1054,373,814,500,826,570,776,661,690,677,596,750,694,1089,621,1166,795,1374,830,1140,422,684,253,646,198,524,175,376,74,122,13,0,0
2026-05-22,범골,3504,3258,8,0,85,24,169,27,418,75,557,232,280,153,198,129,208,171,201,175,204,170,156,176,171,287,174,259,217,303,168,327,121,225,58,160,57,139,31,139,19,66,4,21,0,0
2026-05-22,경전철의정부,3288,3903,2,0,24,42,50,81,95,120,155,399,121,472,151,245,167,256,242,261,206,287,219,244,253,248,284,221,311,233,283,294,216,191,162,77,129,95,126,75,68,49,24,13,0,0
2026-05-22,의정부시청,2554,2696,2,0,29,21,45,49,91,128,151,646,165,266,164,165,181,134,118,157,140,158,163,140,184,143,207,128,203,143,404,143,91,89,72,64,52,41,78,45,11,28,3,8,0,0
2026-05-22,흥선,3226,3163,7,0,87,24,108,54,249,118,347,358,244,155,183,140,197,125,137,158,179,153,186,182,247,207,232,271,246,241,211,280,125,200,103,129,65,121,53,141,17,80,3,26,0,0
2026-05-22,의정부중앙,4732,4971,5,0,42,55,69,78,167,137,350,349,196,307,237,320,304,402,319,344,306,359,311,349,412,378,386,403,412,347,377,393,235,253,213,141,169,140,122,133,78,59,22,24,0,0
2026-05-22,동오,3385,3316,5,0,56,27,129,60,272,109,425,215,258,156,214,159,213,181,247,186,228,159,164,168,227,237,188,249,177,286,166,371,96,265,101,155,110,114,66,108,37,80,6,31,0,0
2026-05-22,새말,2359,2110,9,0,45,18,92,20,219,76,375,197,188,77,169,76,153,83,120,102,123,121,128,96,123,138,161,156,115,193,123,214,67,160,48,120,48,90,32,89,16,58,5,26,0,0
2026-05-22,경기도청북부청사,3627,3852,2,0,25,52,60,114,180,213,239,332,261,274,191,161,213,188,212,234,177,194,192,207,299,267,248,288,325,312,363,348,160,252,138,133,135,98,149,82,49,72,9,31,0,0
2026-05-22,효자,1427,1368,6,0,11,15,62,44,79,99,151,146,98,86,103,65,104,52,88,82,82,94,73,69,139,84,152,74,108,90,77,114,32,83,23,50,16,46,13,40,7,27,3,8,0,0
2026-05-22,곤제,1924,1773,8,0,55,18,72,23,161,80,267,111,184,116,130,90,146,80,109,94,106,94,110,101,88,124,94,132,97,141,100,181,63,105,54,94,29,64,28,81,21,33,2,11,0,0
2026-05-22,어룡,3345,3169,11,0,48,35,125,41,280,148,420,570,249,118,188,71,144,95,156,142,216,151,164,147,176,196,184,194,234,262,338,298,147,217,75,150,84,120,65,106,32,78,9,30,0,0
2026-05-22,송산,2900,2905,23,0,49,25,97,41,239,62,319,211,220,149,190,154,206,198,230,159,154,167,159,153,188,225,142,198,185,231,175,287,114,222,62,134,62,120,50,88,27,47,9,34,0,0
2026-05-22,탑석,2361,1943,17,0,51,18,75,48,181,109,344,173,210,90,136,70,121,85,140,100,124,79,110,91,151,131,159,134,165,169,152,189,79,130,55,84,29,93,40,78,20,46,2,26,0,0
2026-05-23,발곡,3104,3070,29,0,66,23,75,47,149,72,239,115,247,113,285,126,288,130,253,228,308,244,205,205,210,252,208,210,167,292,130,233,76,170,71,163,44,137,26,152,26,98,2,60,0,0
2026-05-23,회룡,9699,10048,10,0,66,258,163,349,270,548,322,884,389,857,410,916,447,921,526,788,647,798,591,635,695,602,755,552,921,558,802,449,665,304,499,221,516,202,609,144,313,49,83,13,0,0
2026-05-23,범골,2617,2339,7,0,58,24,88,16,153,46,214,90,221,91,213,92,229,121,233,139,213,158,233,163,150,201,163,198,140,221,91,205,66,124,58,119,41,139,33,103,10,63,3,26,0,0
2026-05-23,경전철의정부,2646,3228,5,1,26,38,29,56,46,46,72,110,85,238,100,306,112,300,146,278,200,343,198,262,241,228,219,210,249,199,212,224,177,111,164,89,137,80,127,42,77,48,24,19,0,0
2026-05-23,의정부시청,1309,1387,1,1,17,21,29,26,42,68,73,99,94,151,68,106,69,83,122,117,93,109,83,90,108,103,140,71,112,78,107,56,41,59,36,30,43,49,15,35,14,29,2,6,0,0
2026-05-23,흥선,2191,2086,3,0,67,18,51,32,103,63,166,86,171,124,175,109,179,114,216,111,195,158,122,152,142,142,142,159,142,182,105,132,75,106,36,102,56,104,23,107,17,67,5,18,0,0
2026-05-23,의정부중앙,3931,4135,5,0,33,42,49,48,63,89,120,203,164,269,251,277,229,338,287,384,294,408,320,335,338,293,339,338,322,335,279,244,211,190,222,120,163,101,121,72,92,35,29,14,0,0
2026-05-23,동오,2433,2310,5,0,43,18,81,72,132,76,173,88,171,105,203,84,218,105,192,138,191,127,131,125,116,151,146,200,132,197,122,205,99,169,105,123,65,118,62,109,37,73,9,27,0,0
2026-05-23,새말,1695,1530,10,0,31,21,45,15,77,36,140,37,151,65,160,56,158,54,119,102,130,90,113,95,116,106,100,123,114,134,59,129,64,83,32,97,27,92,28,89,19,73,2,33,0,0
2026-05-23,경기도청북부청사,2835,2724,2,0,28,29,47,52,64,73,101,156,152,220,170,199,206,188,224,207,230,211,219,190,251,163,221,197,246,208,204,134,135,121,118,109,113,99,71,78,22,61,11,29,0,0
2026-05-23,효자,880,853,4,0,13,13,24,24,43,39,68,38,60,38,52,43,68,47,77,46,57,59,61,61,66,60,63,77,84,44,35,61,49,37,18,47,16,31,16,53,6,25,0,10,0,0
2026-05-23,곤제,1434,1338,11,0,29,17,41,22,74,29,113,40,151,51,143,73,141,70,109,94,98,74,77,86,75,103,72,106,81,130,55,110,45,90,47,74,41,65,20,57,10,41,1,6,0,0
2026-05-23,어룡,2134,2002,16,0,46,26,62,17,113,58,153,95,176,73,172,82,158,93,177,101,167,116,144,116,126,153,148,154,140,175,111,178,50,138,51,108,49,115,37,122,33,65,5,17,0,0
2026-05-23,송산,2034,1970,22,0,43,15,59,23,101,39,147,96,180,77,187,100,143,98,180,105,136,105,130,142,115,133,128,180,105,158,110,182,69,148,67,111,58,97,33,85,18,43,3,33,0,0
2026-05-23,탑석,1672,1480,11,0,31,17,40,34,81,41,120,51,158,55,134,48,146,92,148,79,113,101,111,104,107,129,102,116,96,140,83,119,54,82,50,80,40,58,30,72,14,42,3,20,0,0
2026-05-24,발곡,2585,2528,21,0,53,20,70,35,102,33,215,79,257,78,308,106,187,146,192,149,246,210,171,157,187,238,120,234,110,186,121,237,79,159,57,108,45,107,24,126,19,77,1,43,0,0
2026-05-24,회룡,8354,8531,9,3,53,196,105,231,140,397,222,745,327,1009,355,964,340,718,486,675,685,646,648,541,748,493,714,448,625,398,650,308,544,213,448,204,480,152,433,107,257,64,85,19,0,0
2026-05-24,범골,2081,1932,3,0,52,21,54,21,90,27,143,49,203,60,219,121,148,90,195,114,192,169,144,150,134,182,114,151,117,174,91,149,73,109,39,117,30,87,23,80,12,44,5,17,0,0
2026-05-24,경전철의정부,2112,2526,5,0,17,21,41,26,21,33,43,103,75,165,89,166,54,179,133,237,125,306,155,236,190,232,175,149,191,175,201,163,143,79,127,89,133,68,99,43,74,40,21,16,0,0
2026-05-24,의정부시청,1158,1189,1,1,13,14,16,40,25,43,66,118,55,124,118,152,73,59,147,74,121,84,108,95,96,56,63,54,82,62,60,40,33,58,31,49,25,24,19,29,6,10,0,3,0,0
2026-05-24,흥선,1829,1779,5,0,38,19,43,30,70,40,143,51,168,77,165,111,118,74,154,69,147,118,96,119,131,158,145,121,98,128,99,131,61,124,50,109,43,130,29,95,22,49,4,26,0,0
2026-05-24,의정부중앙,3051,3205,4,0,38,29,29,47,49,50,85,101,112,152,161,209,163,229,217,303,215,312,242,289,252,278,257,235,254,224,258,230,195,156,169,122,159,94,108,86,57,43,27,16,0,0
2026-05-24,동오,1967,1953,1,0,35,23,46,33,85,37,156,53,202,68,176,83,149,80,148,131,153,152,106,156,111,138,96,159,105,165,80,153,79,142,78,118,67,88,55,81,28,65,11,28,0,0
2026-05-24,새말,1383,1227,2,0,32,12,26,9,76,15,116,44,135,38,125,57,107,32,122,58,108,100,87,75,78,87,100,98,72,104,50,101,27,90,41,76,31,79,19,71,24,54,5,27,0,0
2026-05-24,경기도청북부청사,1924,1882,2,0,19,30,22,35,38,40,69,69,90,103,97,136,112,114,146,125,173,158,169,124,140,145,167,133,174,168,165,103,81,91,78,86,94,94,57,59,27,51,4,18,0,0
2026-05-24,효자,795,773,2,0,6,8,18,10,38,20,56,37,68,51,64,48,75,47,63,50,76,55,51,56,52,53,46,55,48,45,40,42,38,47,16,35,15,36,9,42,13,27,1,9,0,0
2026-05-24,곤제,1102,962,4,0,34,17,38,17,38,18,108,28,131,41,109,54,79,36,86,45,64,71,66,67,44,93,59,91,51,89,49,71,55,56,29,46,19,47,22,45,14,24,3,6,0,0
2026-05-24,어룡,1671,1594,10,0,37,21,40,22,63,35,114,46,151,47,168,73,118,56,138,89,159,129,101,93,110,131,76,128,76,157,96,124,50,93,44,97,54,97,41,80,20,59,5,17,0,0
2026-05-24,송산,1646,1688,12,0,31,20,34,22,68,31,123,52,144,87,137,128,130,80,141,96,141,91,105,110,113,108,90,113,86,146,70,164,75,136,52,70,36,98,35,57,19,52,4,27,0,0
2026-05-24,탑석,1334,1144,6,0,32,19,36,20,57,21,83,31,119,40,144,54,112,53,98,71,73,93,86,74,93,83,79,88,61,83,81,97,52,64,40,63,40,87,29,53,11,28,2,22,0,0
2026-05-25,발곡,2481,2511,20,0,53,20,79,27,120,44,164,70,204,98,217,101,269,129,229,134,174,162,164,179,158,190,139,261,145,223,106,250,85,147,66,167,43,92,23,130,22,58,1,29,0,0
2026-05-25,회룡,8026,8001,7,3,48,201,123,250,242,387,248,630,231,733,318,748,390,755,433,711,457,637,622,532,652,465,719,422,739,417,722,314,464,231,512,205,470,192,335,117,261,39,33,12,0,0
2026-05-25,범골,2108,1990,9,0,61,24,80,21,98,35,168,81,180,55,185,98,159,96,185,128,191,132,146,145,114,179,140,170,115,181,89,182,63,97,52,113,35,109,20,82,15,51,3,11,0,0
2026-05-25,경전철의정부,2109,2471,4,1,20,21,29,37,38,43,45,96,63,139,90,210,104,232,134,247,154,230,132,221,182,190,189,181,196,172,179,161,153,109,138,69,118,47,82,31,45,23,14,11,0,0
2026-05-25,의정부시청,940,1006,2,1,20,7,15,15,30,30,39,78,51,66,54,76,94,82,61,72,90,60,64,67,83,69,79,73,65,70,57,53,42,67,35,45,36,33,15,22,6,13,2,7,0,0
2026-05-25,흥선,1798,1774,3,1,56,14,62,43,88,47,155,73,159,81,143,79,152,79,130,79,124,88,122,133,104,133,117,122,98,187,97,123,63,119,43,117,41,94,27,94,10,50,4,18,0,0
2026-05-25,의정부중앙,3453,3557,9,0,29,43,52,55,83,93,99,141,124,205,152,262,195,300,267,340,260,345,286,369,316,306,341,238,310,230,264,176,227,128,168,118,105,87,99,73,56,35,11,13,0,0
2026-05-25,동오,1980,1962,1,0,54,22,56,36,95,40,120,69,137,87,149,100,161,98,200,110,127,111,150,113,121,177,109,153,120,155,87,203,72,148,73,114,85,99,37,58,25,50,1,19,0,0
2026-05-25,새말,1297,1139,3,0,25,16,46,15,61,19,93,28,104,30,101,42,110,60,127,63,116,63,91,81,76,75,88,108,58,123,55,91,48,69,32,86,29,78,19,49,10,35,5,8,0,0
2026-05-25,경기도청북부청사,2261,2166,2,0,24,27,33,84,46,121,61,113,203,143,124,127,160,135,196,146,154,150,154,127,194,133,181,159,181,176,158,153,99,105,82,86,103,72,75,59,27,41,4,9,0,0
2026-05-25,효자,714,723,5,0,3,20,18,24,40,17,56,19,61,34,87,21,47,48,48,49,65,49,46,59,30,48,33,54,56,53,32,58,33,48,22,28,11,27,14,34,3,29,4,4,0,0
2026-05-25,곤제,1104,1068,6,0,29,25,29,21,52,46,78,47,87,36,111,44,99,47,84,66,81,69,72,69,72,94,66,82,63,88,50,92,44,79,33,46,24,43,18,51,5,19,1,4,0,0
2026-05-25,어룡,1677,1590,9,0,38,23,40,27,77,43,123,85,150,39,113,50,165,83,132,76,109,124,105,92,106,107,95,139,97,162,86,119,70,114,53,82,41,90,41,84,24,43,3,8,0,0
2026-05-25,송산,1558,1545,19,0,41,15,38,20,75,30,95,63,123,72,133,63,144,83,118,98,106,93,107,92,113,111,89,146,96,141,75,142,48,103,48,84,48,82,29,59,10,29,3,19,0,0
2026-05-25,탑석,1329,1247,8,0,29,14,35,34,65,57,73,42,114,45,94,36,123,66,122,86,123,84,106,73,80,74,65,101,96,97,66,123,36,77,34,70,30,65,21,47,8,36,1,20,0,0
2026-05-26,발곡,3673,3822,29,0,88,26,201,51,461,93,573,256,335,143,253,159,227,152,240,203,184,184,131,191,182,225,269,301,141,363,127,458,79,360,54,205,48,193,37,163,13,70,1,26,0,0
2026-05-26,회룡,11956,11769,13,3,76,333,275,701,574,1607,914,1647,449,970,393,771,455,729,536,660,587,560,632,517,612,523,866,554,1043,602,1366,752,1206,286,630,187,548,152,497,149,226,56,58,10,0,0
2026-05-26,범골,3416,3129,7,0,86,26,202,25,431,86,598,216,274,113,183,128,189,167,186,166,196,178,181,188,157,215,161,296,185,256,157,313,90,233,51,173,41,148,23,125,15,62,3,15,0,0
2026-05-26,경전철의정부,2974,3355,3,0,35,30,44,74,94,125,139,424,115,401,134,272,205,199,183,200,157,245,196,196,254,187,245,199,293,218,269,236,175,128,141,100,125,53,107,40,45,23,15,5,0,0
2026-05-26,의정부시청,2558,2738,1,1,27,21,44,30,90,121,149,655,136,252,131,137,164,117,108,209,160,328,148,141,204,151,338,119,213,93,429,128,68,72,52,62,61,40,29,42,5,16,1,3,0,0
2026-05-26,흥선,2974,2870,8,0,58,23,99,45,216,119,371,402,227,144,179,139,170,135,146,146,161,173,183,141,147,169,181,189,356,185,183,269,94,159,59,113,86,126,34,120,14,55,2,18,0,0
2026-05-26,의정부중앙,4084,4237,2,0,35,46,65,62,177,134,346,383,169,304,229,322,287,336,303,297,323,288,289,375,370,269,302,313,298,294,289,298,161,145,161,146,126,87,93,91,49,32,10,15,0,0
2026-05-26,동오,3002,2990,5,0,63,28,121,77,263,107,431,207,225,155,212,126,167,158,206,174,217,168,162,162,126,202,237,244,156,268,150,308,65,192,67,158,56,111,41,84,31,47,1,14,0,0
2026-05-26,새말,2117,2073,5,0,43,17,85,27,242,80,381,204,187,70,148,69,129,82,96,93,103,95,94,94,107,112,142,156,91,222,97,253,44,176,41,107,34,76,28,89,19,40,1,11,0,0
2026-05-26,경기도청북부청사,3353,3554,3,0,33,49,75,113,166,192,251,346,257,221,173,190,215,172,203,221,161,191,205,208,255,200,198,316,263,335,300,291,147,180,131,96,144,86,131,85,35,58,7,4,0,0
2026-05-26,효자,1464,1306,8,0,12,21,49,38,82,77,164,169,86,80,84,48,76,53,230,69,141,90,67,64,89,69,149,124,108,90,58,81,28,81,16,47,7,54,7,32,3,16,0,3,0,0
2026-05-26,곤제,1686,1657,6,0,44,15,79,21,157,69,261,105,172,81,143,84,92,81,97,90,88,95,82,91,80,116,69,168,84,122,100,164,51,128,38,81,16,67,13,56,11,18,3,5,0,0
2026-05-26,어룡,3004,3028,14,0,61,33,123,58,273,146,413,560,218,167,144,77,122,116,160,132,152,143,114,136,141,144,166,195,192,247,345,275,124,200,85,138,54,95,66,102,32,49,5,15,0,0
2026-05-26,송산,2609,2553,18,0,56,15,92,41,215,68,340,241,203,136,181,118,154,159,212,175,173,137,147,170,155,185,145,178,161,177,146,247,57,214,57,81,47,94,38,68,9,35,3,14,0,0
2026-05-26,탑석,2088,1802,16,0,39,17,64,37,172,92,370,161,193,69,134,70,118,81,106,103,100,101,99,92,94,121,157,120,154,187,127,197,44,112,40,75,32,88,23,53,6,14,0,12,0,0
2026-05-27,발곡,3849,3927,31,0,80,19,195,34,472,106,596,263,313,144,249,126,250,175,234,191,231,164,169,208,285,262,200,301,146,380,139,458,85,411,78,207,42,182,39,175,11,79,4,42,0,0
2026-05-27,회룡,12256,12214,8,3,59,311,214,645,646,1643,922,1624,438,983,309,792,458,740,489,639,544,626,677,516,770,569,842,683,1007,691,1499,756,1252,321,679,262,598,178,467,161,296,57,82,14,0,0
2026-05-27,범골,3452,3182,11,1,82,21,185,34,438,81,583,225,271,87,206,129,203,150,177,171,215,153,173,170,182,286,157,282,167,261,156,343,100,256,39,173,57,140,33,128,15,68,2,23,0,0
2026-05-27,경전철의정부,2941,3399,3,0,22,31,43,78,78,128,147,404,79,467,134,207,186,245,160,217,182,225,195,203,238,234,249,185,273,196,314,240,187,121,147,81,136,60,105,42,51,26,12,9,0,0
2026-05-27,의정부시청,2477,2611,1,1,29,19,39,43,96,131,148,642,125,250,134,164,152,137,148,144,127,196,153,130,207,150,188,111,203,102,426,131,94,91,70,68,57,41,61,38,18,19,1,3,0,0
2026-05-27,흥선,3056,2943,2,0,79,13,100,58,223,114,352,408,219,142,172,119,183,143,157,154,168,136,144,155,296,205,279,180,189,213,199,282,119,163,57,131,78,118,25,121,11,59,4,29,0,0
2026-05-27,의정부중앙,4252,4429,1,0,30,56,72,77,195,127,366,366,175,316,202,270,274,315,309,332,328,338,308,337,343,430,382,282,333,292,282,331,178,179,181,130,128,100,101,103,58,31,6,17,0,0
2026-05-27,동오,3176,3012,0,0,77,22,114,76,270,117,561,220,265,143,153,106,177,136,212,171,183,148,175,139,177,310,198,206,179,261,126,330,95,241,77,120,73,119,34,93,25,32,5,22,0,0
2026-05-27,새말,2193,2066,6,0,39,15,89,19,227,75,423,194,167,59,112,67,122,76,115,74,97,100,107,101,179,193,132,166,108,194,108,220,52,175,39,112,25,78,25,78,16,47,5,23,0,0
2026-05-27,경기도청북부청사,3261,3465,8,0,24,63,75,96,154,195,268,351,238,219,168,147,183,143,226,228,141,198,157,186,258,230,200,248,292,300,296,305,174,212,120,125,119,83,131,66,23,52,6,18,0,0
2026-05-27,효자,1480,1547,6,0,11,17,52,33,79,81,156,432,84,65,95,61,69,53,83,78,79,78,156,79,162,86,143,99,143,96,73,92,30,79,21,30,16,40,13,31,9,14,0,3,0,0
2026-05-27,곤제,1667,1641,9,0,39,22,69,24,144,69,268,103,160,85,125,70,111,72,103,86,100,97,78,97,84,134,75,145,86,124,83,168,43,133,30,55,26,75,21,57,13,23,0,2,0,0
2026-05-27,어룡,3176,3043,12,0,52,36,126,44,292,153,433,543,219,110,168,83,124,88,145,100,139,159,127,117,160,193,180,247,202,237,402,284,128,239,112,147,74,93,55,103,23,54,3,13,0,0
2026-05-27,송산,2600,2548,27,0,50,13,104,30,233,68,332,224,173,123,154,122,173,160,195,156,151,137,162,151,162,194,147,181,153,197,148,267,70,171,58,115,54,91,37,83,14,38,3,27,0,0
2026-05-27,탑석,2122,1849,19,0,33,16,62,41,169,104,383,163,188,71,133,66,105,69,109,82,106,82,124,105,147,139,123,127,124,163,126,225,56,120,38,78,34,87,29,61,11,39,3,11,0,0
2026-05-28,발곡,3723,3751,31,0,79,22,179,33,470,90,592,270,307,133,238,115,226,151,230,158,196,168,158,194,167,251,259,289,179,391,127,472,94,351,78,200,35,171,48,171,26,89,4,32,0,0
2026-05-28,회룡,12309,12195,11,2,85,328,260,669,492,1599,938,1589,527,1011,377,774,424,738,547,642,559,594,636,519,671,606,877,589,1183,698,1334,772,1126,342,794,273,548,199,517,148,319,85,84,18,0,0
2026-05-28,범골,3371,3046,7,0,84,23,198,33,412,70,560,228,258,123,205,117,205,119,141,158,177,154,158,177,153,198,156,281,195,322,163,317,134,242,62,171,51,142,35,108,13,50,4,13,0,0
2026-05-28,경전철의정부,3008,3507,2,0,27,45,39,64,86,125,148,421,105,452,152,264,170,241,166,203,184,274,209,182,229,176,266,164,289,222,283,268,165,145,150,89,148,67,106,59,71,33,13,13,0,0
2026-05-28,의정부시청,2359,2578,2,1,26,20,45,42,91,113,155,661,139,224,124,149,175,136,109,165,126,140,148,148,196,145,172,112,204,113,378,144,102,100,54,66,42,47,52,26,17,18,2,8,0,0
2026-05-28,흥선,3033,2977,7,0,80,22,100,60,242,121,362,384,212,159,170,142,172,114,147,150,170,138,137,123,151,172,213,206,329,231,222,265,113,179,64,156,84,113,40,139,18,70,0,33,0,0
2026-05-28,의정부중앙,4265,4363,1,0,43,57,79,75,177,120,390,371,177,320,193,292,274,292,330,341,305,289,279,319,345,303,300,308,386,350,288,324,208,168,196,151,119,116,98,98,66,50,11,19,0,0
2026-05-28,동오,3174,3034,6,0,77,25,130,77,252,97,534,197,261,177,193,94,159,158,194,158,170,147,168,152,153,195,186,187,189,373,155,323,90,206,97,160,91,137,35,112,28,41,6,18,0,0
2026-05-28,새말,2182,2022,5,0,40,12,92,22,212,76,425,190,177,80,137,70,128,69,118,89,106,86,101,72,92,119,148,147,110,228,119,245,69,187,31,110,32,82,28,85,10,39,2,14,0,0
2026-05-28,경기도청북부청사,3471,3698,2,0,23,45,64,121,173,205,254,336,235,233,178,195,184,174,217,244,176,190,185,202,259,204,206,255,310,376,314,294,190,233,163,134,165,107,138,73,27,62,8,15,0,0
2026-05-28,효자,1416,1544,6,0,10,19,51,42,79,79,162,424,95,73,79,42,81,64,72,89,50,85,37,61,82,60,235,66,205,91,89,114,43,75,17,47,7,35,10,40,5,27,1,11,0,0
2026-05-28,곤제,1681,1638,9,0,45,16,62,17,134,55,277,117,156,89,123,84,103,70,92,88,90,91,103,96,77,127,72,127,90,139,99,180,57,110,31,85,25,69,29,51,6,22,1,5,0,0
2026-05-28,어룡,3132,3077,10,0,51,33,126,51,294,162,385,571,242,109,160,71,140,98,172,102,151,145,113,132,135,149,177,202,221,309,359,271,121,209,93,163,80,110,56,118,28,48,18,24,0,0
2026-05-28,송산,2639,2620,16,0,46,20,100,38,206,62,351,228,188,120,162,127,168,167,172,169,186,126,149,159,171,186,153,162,143,241,161,264,87,200,64,122,52,98,42,73,20,37,2,21,0,0
2026-05-28,탑석,2207,1856,21,1,44,19,71,37,203,103,379,145,193,67,123,63,111,82,103,99,107,99,103,87,110,113,178,120,153,192,119,224,65,112,44,85,32,85,32,67,15,34,1,22,0,0
2026-05-29,발곡,3915,3961,30,0,88,25,189,42,442,124,568,250,337,136,249,135,242,171,234,200,211,184,192,225,296,274,188,320,185,337,154,454,92,334,82,224,52,176,50,185,31,101,3,64,0,0
2026-05-29,회룡,12424,12543,14,7,74,322,277,653,545,1574,923,1551,466,963,409,787,434,757,552,728,540,612,610,593,878,606,898,729,1036,710,1379,808,1031,355,727,282,571,204,570,182,424,107,66,13,0,0
2026-05-29,범골,3479,3157,10,0,83,23,183,35,437,76,529,243,286,115,185,133,198,150,207,155,191,166,211,178,166,309,172,272,173,258,177,316,120,221,62,161,47,118,29,119,8,84,5,25,0,0
2026-05-29,경전철의정부,3146,3800,2,1,27,41,42,71,83,89,140,388,108,467,138,251,158,237,187,264,192,266,191,243,254,246,263,222,292,231,300,287,204,193,163,100,144,82,130,65,112,46,16,10,0,0
2026-05-29,의정부시청,2774,2881,0,0,30,21,48,62,97,130,163,667,161,350,125,167,207,147,242,162,198,163,158,142,208,162,201,136,226,132,396,123,103,120,73,70,44,38,43,50,49,32,2,7,0,0
2026-05-29,흥선,3196,3123,5,0,83,20,102,64,233,106,334,398,238,167,192,142,169,138,172,131,225,142,242,175,184,216,244,236,223,233,196,283,112,161,97,160,85,117,35,133,19,71,6,30,0,0
2026-05-29,의정부중앙,4713,4758,0,0,43,59,64,75,174,129,396,379,184,311,216,287,268,344,327,344,308,338,337,400,371,361,437,318,395,322,356,347,226,241,196,144,171,138,135,123,93,68,16,30,0,0
2026-05-29,동오,3527,3321,6,0,74,26,112,76,254,99,561,210,285,179,221,148,188,142,204,193,223,154,175,192,212,224,173,324,190,303,194,323,120,237,105,132,112,140,72,115,41,64,5,40,0,0
2026-05-29,새말,2305,2093,11,0,38,20,93,27,214,72,407,197,163,71,136,58,128,82,114,91,104,96,171,97,143,154,142,165,103,178,109,231,72,174,42,105,39,88,49,95,24,66,3,26,0,0
2026-05-29,경기도청북부청사,3569,3777,2,0,34,56,65,91,175,187,254,347,231,237,161,167,186,197,211,266,183,240,200,192,294,243,272,289,271,314,347,316,181,197,143,150,166,95,151,88,33,82,9,23,0,0
2026-05-29,효자,1496,1605,5,0,15,20,50,37,84,89,143,430,91,73,91,52,98,57,83,82,51,76,81,90,164,75,206,77,127,89,95,104,37,62,24,61,24,33,15,52,7,40,5,6,0,0
2026-05-29,곤제,1833,1746,10,0,40,19,76,31,153,66,258,107,169,100,158,69,120,96,111,94,93,107,75,90,80,117,94,125,109,155,100,148,71,130,40,81,31,74,24,91,17,36,4,10,0,0
2026-05-29,어룡,3258,3176,13,0,53,33,127,45,264,171,454,518,224,111,185,81,147,99,163,162,135,160,130,171,174,186,198,228,206,218,351,289,128,220,101,141,57,115,100,115,43,80,5,33,0,0
2026-05-29,송산,2908,2900,26,0,65,18,104,36,216,58,365,236,202,130,175,158,209,181,212,153,152,136,160,175,195,199,160,197,167,224,175,307,102,220,68,146,69,142,46,95,29,65,11,24,0,0
2026-05-29,탑석,2327,1914,14,0,46,16,72,40,176,100,381,162,202,76,135,59,115,83,131,88,114,106,125,109,177,119,138,190,148,147,141,195,87,120,45,73,32,80,28,77,20,54,0,20,0,0
2026-05-30,발곡,3176,2955,28,0,82,21,93,33,174,71,258,111,265,106,304,117,270,147,274,194,254,185,218,228,197,230,175,255,157,255,139,205,95,196,92,184,47,128,27,149,25,89,2,51,0,0
2026-05-30,회룡,9833,9937,15,3,67,273,235,338,313,545,369,856,336,894,374,934,571,881,567,755,551,726,684,633,691,593,828,574,776,512,697,441,637,329,621,222,574,203,482,129,393,77,52,19,0,0
2026-05-30,범골,2544,2454,6,0,67,17,84,23,157,49,189,99,256,92,224,108,200,151,231,166,223,154,157,166,152,181,137,205,128,226,126,198,84,137,34,155,46,142,30,101,10,60,3,24,0,0
2026-05-30,경전철의정부,2853,3640,4,0,25,27,31,57,58,58,77,165,63,237,107,324,131,349,205,353,176,334,246,270,245,226,283,257,262,235,212,256,188,179,177,118,132,81,126,55,81,40,24,19,0,0
2026-05-30,의정부시청,1648,1708,0,0,22,24,40,104,64,123,83,146,113,161,102,111,125,130,136,128,98,106,112,107,112,116,189,104,159,94,115,66,86,44,42,54,25,38,19,25,3,19,3,8,0,0
2026-05-30,흥선,2205,2175,10,2,61,16,67,56,107,72,179,86,197,99,181,127,145,120,201,123,139,135,135,145,108,128,138,162,178,170,119,156,93,116,49,106,44,120,35,119,17,81,2,36,0,0
2026-05-30,의정부중앙,3901,4085,2,0,37,48,59,54,88,93,123,215,170,266,254,306,299,345,293,370,338,340,316,301,250,318,279,309,335,323,283,227,206,153,177,147,156,134,125,76,86,42,25,18,0,0
2026-05-30,동오,2554,2499,6,0,58,21,75,94,115,67,174,117,221,114,225,101,205,127,163,152,211,156,188,137,168,164,139,180,130,233,117,223,100,170,74,124,100,123,48,89,33,76,4,31,0,0
2026-05-30,새말,1789,1549,8,0,36,19,43,24,73,29,145,51,131,58,167,71,141,75,151,90,106,79,110,112,85,92,110,160,112,137,120,117,83,102,66,110,29,78,38,75,31,45,4,25,0,0
2026-05-30,경기도청북부청사,2721,2780,3,0,29,37,38,44,84,103,107,152,148,220,161,212,193,182,212,235,238,228,185,212,235,190,226,160,197,192,170,162,133,116,115,75,136,98,75,82,29,55,7,25,0,0
2026-05-30,효자,886,840,3,0,13,16,22,22,41,29,60,34,74,32,71,34,70,48,69,58,55,69,48,53,50,55,94,60,75,42,36,72,38,57,25,39,24,37,10,42,6,37,2,4,0,0
2026-05-30,곤제,1391,1263,11,0,33,14,47,24,64,37,99,34,140,65,129,63,123,81,99,73,97,78,90,81,76,100,75,113,63,109,63,105,62,76,44,57,35,61,24,50,12,32,5,10,0,0
2026-05-30,어룡,2150,1985,7,0,43,31,64,26,114,52,164,99,174,62,194,75,174,128,160,96,139,110,122,144,139,153,125,148,153,157,113,142,72,148,67,100,48,119,34,103,37,67,7,25,0,0
2026-05-30,송산,2091,2036,20,2,36,20,69,25,105,41,136,85,170,96,193,90,183,107,147,119,145,117,134,131,126,152,141,160,129,163,103,180,63,131,56,134,55,133,38,66,38,46,4,38,0,0
2026-05-30,탑석,1732,1464,5,0,42,15,44,36,90,47,127,50,154,56,144,62,131,67,145,104,123,100,130,113,90,83,97,115,112,121,102,113,63,94,41,88,45,78,32,50,14,42,1,30,0,0
2026-05-31,발곡,2387,2379,14,0,55,25,57,32,104,40,173,85,220,97,259,99,204,128,211,155,220,143,139,200,139,203,145,194,113,201,100,193,91,191,48,126,53,81,26,100,14,65,2,21,0,0
2026-05-31,회룡,7366,7364,10,3,53,152,95,206,144,360,244,615,328,792,320,755,325,625,442,601,498,549,546,492,604,415,620,415,658,343,560,294,525,250,431,212,359,136,360,99,213,37,31,13,0,0
2026-05-31,범골,2008,1885,5,1,49,19,53,16,105,27,127,42,194,65,203,119,149,76,165,132,178,116,134,134,117,154,122,187,131,165,74,163,85,113,43,111,36,89,28,87,9,48,1,21,0,0
2026-05-31,경전철의정부,2091,2610,1,0,26,28,27,25,27,37,44,86,59,154,70,224,95,230,118,293,141,286,150,228,175,198,208,202,196,183,187,150,167,103,149,50,111,57,79,43,53,25,8,8,0,0
2026-05-31,의정부시청,1112,1172,0,0,18,17,17,44,21,52,84,106,51,75,91,132,55,78,127,89,90,102,124,77,89,68,76,66,82,68,68,43,42,44,28,39,27,30,12,22,9,14,1,6,0,0
2026-05-31,흥선,1622,1637,2,1,47,15,37,27,69,53,121,68,147,61,153,112,152,79,141,85,107,88,124,105,98,101,83,120,85,116,70,114,57,108,49,107,40,112,23,99,16,52,1,14,0,0
2026-05-31,의정부중앙,2793,2806,4,0,22,24,34,34,46,53,101,107,104,142,171,217,154,169,167,267,230,312,184,255,219,198,231,228,255,203,215,177,204,142,165,92,122,74,91,61,62,38,12,13,0,0
2026-05-31,동오,1861,1776,3,0,45,22,47,30,90,27,128,44,151,56,171,86,114,82,135,112,157,132,109,123,99,139,114,154,107,162,89,178,73,110,90,86,70,90,43,79,21,54,5,10,0,0
2026-05-31,새말,1321,1159,5,0,17,19,27,16,56,10,100,39,125,26,117,57,116,34,138,76,107,72,91,71,86,74,82,106,79,128,52,108,42,72,27,87,21,60,22,51,11,43,0,10,0,0
2026-05-31,경기도청북부청사,1872,1847,2,0,23,24,18,20,42,47,55,82,75,127,82,131,87,118,159,151,176,170,159,151,136,121,167,143,181,137,172,117,101,76,72,89,92,51,50,42,15,40,8,10,0,0
2026-05-31,효자,846,827,3,0,10,12,15,10,23,29,47,60,70,102,55,63,55,49,182,46,49,51,62,56,46,49,81,36,34,50,30,46,27,43,20,44,18,31,12,29,6,17,1,4,0,0
2026-05-31,곤제,1002,992,3,0,27,23,24,14,50,41,72,35,101,34,124,50,67,30,71,51,50,56,70,73,55,92,59,84,48,89,53,91,42,66,37,47,28,43,16,45,5,23,0,5,0,0
2026-05-31,어룡,1608,1466,6,0,31,27,40,16,73,25,111,43,141,32,144,71,92,47,120,86,138,110,115,89,94,109,103,127,81,135,79,131,51,106,51,100,33,71,55,84,46,45,4,12,0,0
2026-05-31,송산,1532,1567,10,0,30,17,34,20,64,24,97,60,119,74,139,107,126,78,135,81,141,92,83,104,126,102,81,116,96,147,74,138,50,115,43,100,42,90,23,51,14,38,5,13,0,0
2026-05-31,탑석,1233,1090,6,0,28,10,27,33,51,23,94,28,126,49,139,51,82,44,85,78,109,77,74,79,68,63,69,89,84,117,67,85,34,68,30,67,26,69,20,30,13,25,1,5,0,0
